CustomerID,Country,IsKnownCustomer
17850,United Kingdom,True
13047,United Kingdom,True
12583,France,True
13748,United Kingdom,True
15100,United Kingdom,True
15291,United Kingdom,True
14688,United Kingdom,True
17809,United Kingdom,True
15311,United Kingdom,True
14527,United Kingdom,True
16098,United Kingdom,True
18074,United Kingdom,True
17420,United Kingdom,True
16029,United Kingdom,True
16250,United Kingdom,True
12431,Australia,True
17511,United Kingdom,True
17548,United Kingdom,True
13705,United Kingdom,True
13747,United Kingdom,True
13408,United Kingdom,True
13767,United Kingdom,True
17924,United Kingdom,True
13448,United Kingdom,True
15862,United Kingdom,True
15513,United Kingdom,True
12791,Netherlands,True
16218,United Kingdom,True
14045,United Kingdom,True
14307,United Kingdom,True
17908,United Kingdom,True
17920,United Kingdom,True
12838,United Kingdom,True
13255,United Kingdom,True
16583,United Kingdom,True
18085,United Kingdom,True
13758,United Kingdom,True
13694,United Kingdom,True
15983,United Kingdom,True
14849,United Kingdom,True
17968,United Kingdom,True
16210,United Kingdom,True
17897,United Kingdom,True
17377,United Kingdom,True
16552,United Kingdom,True
17181,United Kingdom,True
17951,United Kingdom,True
14729,United Kingdom,True
12748,United Kingdom,True
15012,United Kingdom,True
12868,United Kingdom,True
17572,United Kingdom,True
14078,United Kingdom,True
14001,United Kingdom,True
12662,Germany,True
15525,United Kingdom,True
14237,United Kingdom,True
17905,United Kingdom,True
15485,United Kingdom,True
12433,Norway,True
16955,United Kingdom,True
15350,United Kingdom,True
15605,United Kingdom,True
18144,United Kingdom,True
15922,United Kingdom,True
14594,United Kingdom,True
15165,United Kingdom,True
14911,EIRE,True
16456,United Kingdom,True
17841,United Kingdom,True
0,Unknown,False
12472,Germany,True
17346,United Kingdom,True
17643,United Kingdom,True
17873,United Kingdom,True
13093,United Kingdom,True
12921,United Kingdom,True
13468,United Kingdom,True
17760,United Kingdom,True
16928,United Kingdom,True
16048,United Kingdom,True
16274,United Kingdom,True
14496,United Kingdom,True
14696,United Kingdom,True
16539,United Kingdom,True
17025,United Kingdom,True
13777,United Kingdom,True
17690,United Kingdom,True
12947,United Kingdom,True
17460,United Kingdom,True
18229,United Kingdom,True
14142,United Kingdom,True
17069,United Kingdom,True
13065,United Kingdom,True
14606,United Kingdom,True
16835,United Kingdom,True
15235,United Kingdom,True
13576,United Kingdom,True
18011,United Kingdom,True
13090,United Kingdom,True
15694,United Kingdom,True
14741,United Kingdom,True
13715,United Kingdom,True
14092,United Kingdom,True
17732,United Kingdom,True
12855,United Kingdom,True
15752,United Kingdom,True
17855,United Kingdom,True
14047,United Kingdom,True
17925,United Kingdom,True
13941,United Kingdom,True
17017,United Kingdom,True
14135,United Kingdom,True
13108,United Kingdom,True
12471,Germany,True
15601,United Kingdom,True
13418,United Kingdom,True
14766,United Kingdom,True
15658,United Kingdom,True
14388,United Kingdom,True
14901,United Kingdom,True
18041,United Kingdom,True
15955,United Kingdom,True
15070,United Kingdom,True
16244,United Kingdom,True
15111,United Kingdom,True
14390,United Kingdom,True
16546,United Kingdom,True
15260,United Kingdom,True
13305,United Kingdom,True
14491,United Kingdom,True
14060,United Kingdom,True
15923,United Kingdom,True
16752,United Kingdom,True
17287,United Kingdom,True
15363,United Kingdom,True
12915,United Kingdom,True
15544,United Kingdom,True
15738,United Kingdom,True
16042,United Kingdom,True
17381,United Kingdom,True
15827,United Kingdom,True
14180,United Kingdom,True
13117,United Kingdom,True
16916,United Kingdom,True
17964,United Kingdom,True
14466,United Kingdom,True
17235,United Kingdom,True
16510,United Kingdom,True
17802,United Kingdom,True
15107,United Kingdom,True
17976,United Kingdom,True
14449,United Kingdom,True
15838,United Kingdom,True
16781,United Kingdom,True
17547,United Kingdom,True
13491,United Kingdom,True
16186,United Kingdom,True
17685,United Kingdom,True
17581,United Kingdom,True
15732,United Kingdom,True
13138,United Kingdom,True
15823,United Kingdom,True
17567,United Kingdom,True
15061,United Kingdom,True
16203,United Kingdom,True
15640,United Kingdom,True
15574,United Kingdom,True
16770,United Kingdom,True
17838,United Kingdom,True
17228,United Kingdom,True
14829,United Kingdom,True
17412,United Kingdom,True
14031,United Kingdom,True
14775,United Kingdom,True
12971,United Kingdom,True
15834,United Kingdom,True
17659,United Kingdom,True
15299,United Kingdom,True
15646,United Kingdom,True
13958,United Kingdom,True
14443,United Kingdom,True
14156,EIRE,True
16995,United Kingdom,True
13402,United Kingdom,True
18168,United Kingdom,True
17757,United Kingdom,True
14625,United Kingdom,True
13011,United Kingdom,True
13798,United Kingdom,True
15384,United Kingdom,True
14264,United Kingdom,True
13295,United Kingdom,True
16754,United Kingdom,True
16634,United Kingdom,True
18239,United Kingdom,True
14576,United Kingdom,True
13145,United Kingdom,True
14395,United Kingdom,True
14865,United Kingdom,True
15093,United Kingdom,True
12738,Germany,True
16150,United Kingdom,True
17552,United Kingdom,True
14236,United Kingdom,True
17961,United Kingdom,True
14573,United Kingdom,True
17135,United Kingdom,True
17396,United Kingdom,True
14213,United Kingdom,True
12967,United Kingdom,True
12686,France,True
14679,United Kingdom,True
15240,United Kingdom,True
18225,United Kingdom,True
13370,United Kingdom,True
16883,United Kingdom,True
13520,Switzerland,True
12841,United Kingdom,True
16905,United Kingdom,True
12427,Germany,True
17967,United Kingdom,True
16891,United Kingdom,True
14589,United Kingdom,True
0,Unknown,False
14680,United Kingdom,True
17884,United Kingdom,True
12557,Spain,True
14083,United Kingdom,True
13013,United Kingdom,True
14210,United Kingdom,True
16477,United Kingdom,True
12600,Germany,True
16013,United Kingdom,True
17949,United Kingdom,True
12779,Poland,True
16926,United Kingdom,True
17787,United Kingdom,True
12682,France,True
14723,United Kingdom,True
17954,United Kingdom,True
17819,United Kingdom,True
12712,Germany,True
15373,United Kingdom,True
16140,United Kingdom,True
17198,United Kingdom,True
17238,United Kingdom,True
12793,Portugal,True
15769,United Kingdom,True
14396,United Kingdom,True
14898,United Kingdom,True
12725,Italy,True
16725,United Kingdom,True
12395,Belgium,True
16455,United Kingdom,True
13081,United Kingdom,True
15545,United Kingdom,True
17243,United Kingdom,True
15465,United Kingdom,True
15708,United Kingdom,True
13089,United Kingdom,True
16033,United Kingdom,True
13838,United Kingdom,True
15351,United Kingdom,True
18055,United Kingdom,True
15038,United Kingdom,True
18109,United Kingdom,True
13069,United Kingdom,True
16241,United Kingdom,True
14800,United Kingdom,True
16839,United Kingdom,True
16168,United Kingdom,True
16931,United Kingdom,True
16814,United Kingdom,True
13269,United Kingdom,True
14813,United Kingdom,True
12567,France,True
17062,United Kingdom,True
15332,Lithuania,True
14810,United Kingdom,True
16353,United Kingdom,True
18118,United Kingdom,True
13831,United Kingdom,True
13506,United Kingdom,True
17796,United Kingdom,True
15716,United Kingdom,True
18156,United Kingdom,True
15221,United Kingdom,True
16983,United Kingdom,True
17059,United Kingdom,True
16327,United Kingdom,True
17211,United Kingdom,True
17026,United Kingdom,True
15570,United Kingdom,True
15880,United Kingdom,True
16718,United Kingdom,True
15808,United Kingdom,True
17858,United Kingdom,True
16393,United Kingdom,True
14161,United Kingdom,True
17863,United Kingdom,True
16411,United Kingdom,True
16402,United Kingdom,True
15023,United Kingdom,True
17402,United Kingdom,True
15426,United Kingdom,True
12647,Germany,True
15894,United Kingdom,True
15867,United Kingdom,True
14506,United Kingdom,True
15555,United Kingdom,True
13034,United Kingdom,True
15889,United Kingdom,True
15953,United Kingdom,True
16143,United Kingdom,True
12720,Germany,True
16422,United Kingdom,True
12747,United Kingdom,True
15502,United Kingdom,True
12763,Japan,True
14081,United Kingdom,True
17965,United Kingdom,True
14404,United Kingdom,True
13579,United Kingdom,True
13174,United Kingdom,True
15987,United Kingdom,True
17677,United Kingdom,True
13652,United Kingdom,True
12586,Italy,True
17428,United Kingdom,True
16161,United Kingdom,True
16858,United Kingdom,True
18219,United Kingdom,True
14293,United Kingdom,True
14748,United Kingdom,True
16638,United Kingdom,True
17674,United Kingdom,True
12808,Portugal,True
13094,United Kingdom,True
15899,United Kingdom,True
12708,Germany,True
15898,United Kingdom,True
17691,United Kingdom,True
17227,United Kingdom,True
15039,United Kingdom,True
15919,United Kingdom,True
13497,United Kingdom,True
15860,United Kingdom,True
14189,United Kingdom,True
15304,United Kingdom,True
14867,United Kingdom,True
14344,United Kingdom,True
12474,Germany,True
16719,United Kingdom,True
15048,United Kingdom,True
15301,United Kingdom,True
14708,United Kingdom,True
16898,United Kingdom,True
14825,United Kingdom,True
18113,United Kingdom,True
17596,United Kingdom,True
15078,United Kingdom,True
14085,United Kingdom,True
17860,United Kingdom,True
13155,United Kingdom,True
15028,United Kingdom,True
16919,United Kingdom,True
17259,United Kingdom,True
17019,United Kingdom,True
14487,United Kingdom,True
16722,United Kingdom,True
15882,United Kingdom,True
14667,United Kingdom,True
16710,United Kingdom,True
16550,United Kingdom,True
15984,United Kingdom,True
17682,United Kingdom,True
16658,United Kingdom,True
17068,United Kingdom,True
15356,United Kingdom,True
17223,United Kingdom,True
16817,United Kingdom,True
13030,United Kingdom,True
17191,United Kingdom,True
15194,United Kingdom,True
14409,United Kingdom,True
16654,United Kingdom,True
16861,United Kingdom,True
16138,United Kingdom,True
13481,United Kingdom,True
13495,United Kingdom,True
17519,United Kingdom,True
17218,United Kingdom,True
17812,United Kingdom,True
14215,United Kingdom,True
15602,United Kingdom,True
17320,United Kingdom,True
16782,United Kingdom,True
12913,United Kingdom,True
17869,United Kingdom,True
13564,United Kingdom,True
14850,United Kingdom,True
15021,United Kingdom,True
13963,United Kingdom,True
17450,United Kingdom,True
17091,United Kingdom,True
17470,United Kingdom,True
17616,United Kingdom,True
15649,United Kingdom,True
12681,France,True
14907,United Kingdom,True
17735,United Kingdom,True
16059,United Kingdom,True
17720,United Kingdom,True
15018,United Kingdom,True
14733,United Kingdom,True
13756,United Kingdom,True
14176,United Kingdom,True
13319,United Kingdom,True
15353,United Kingdom,True
18119,United Kingdom,True
17491,United Kingdom,True
14282,United Kingdom,True
13569,United Kingdom,True
15498,United Kingdom,True
14673,United Kingdom,True
13488,United Kingdom,True
16221,United Kingdom,True
15002,United Kingdom,True
15965,United Kingdom,True
15024,United Kingdom,True
17675,United Kingdom,True
13769,United Kingdom,True
16904,United Kingdom,True
16086,United Kingdom,True
13786,United Kingdom,True
13880,United Kingdom,True
13173,United Kingdom,True
15858,United Kingdom,True
15180,United Kingdom,True
12347,Iceland,True
14739,United Kingdom,True
16293,United Kingdom,True
17419,United Kingdom,True
16775,United Kingdom,True
16306,United Kingdom,True
16950,United Kingdom,True
17591,United Kingdom,True
12839,United Kingdom,True
13807,United Kingdom,True
16125,United Kingdom,True
15081,United Kingdom,True
18102,United Kingdom,True
16365,United Kingdom,True
17870,United Kingdom,True
14821,United Kingdom,True
16863,United Kingdom,True
13078,United Kingdom,True
13267,United Kingdom,True
13050,United Kingdom,True
12709,Germany,True
15628,United Kingdom,True
12386,Australia,True
14796,United Kingdom,True
16779,United Kingdom,True
13599,United Kingdom,True
13329,United Kingdom,True
18077,United Kingdom,True
14744,United Kingdom,True
17406,United Kingdom,True
15750,United Kingdom,True
13983,United Kingdom,True
13842,United Kingdom,True
12441,France,True
13199,United Kingdom,True
14032,United Kingdom,True
17706,United Kingdom,True
16081,United Kingdom,True
16525,United Kingdom,True
14952,United Kingdom,True
17975,United Kingdom,True
16122,United Kingdom,True
13126,United Kingdom,True
15973,United Kingdom,True
16558,United Kingdom,True
16713,United Kingdom,True
16893,United Kingdom,True
15529,United Kingdom,True
18043,United Kingdom,True
16016,United Kingdom,True
17722,United Kingdom,True
17324,United Kingdom,True
17341,United Kingdom,True
14051,United Kingdom,True
15916,United Kingdom,True
16233,United Kingdom,True
16385,United Kingdom,True
15032,United Kingdom,True
17213,United Kingdom,True
18061,United Kingdom,True
13113,United Kingdom,True
16553,United Kingdom,True
13455,United Kingdom,True
14217,United Kingdom,True
17262,United Kingdom,True
14299,United Kingdom,True
18259,United Kingdom,True
17676,United Kingdom,True
16679,United Kingdom,True
18269,United Kingdom,True
12766,Portugal,True
15298,United Kingdom,True
18193,United Kingdom,True
13523,United Kingdom,True
12870,United Kingdom,True
15005,United Kingdom,True
15581,United Kingdom,True
15680,United Kingdom,True
13649,United Kingdom,True
17894,United Kingdom,True
13270,United Kingdom,True
14618,United Kingdom,True
14866,United Kingdom,True
13077,United Kingdom,True
13115,United Kingdom,True
13531,United Kingdom,True
13848,United Kingdom,True
13140,United Kingdom,True
15713,United Kingdom,True
17999,United Kingdom,True
15347,United Kingdom,True
17340,United Kingdom,True
13984,United Kingdom,True
15996,United Kingdom,True
14030,United Kingdom,True
16252,United Kingdom,True
16596,United Kingdom,True
16700,United Kingdom,True
16011,United Kingdom,True
17655,United Kingdom,True
16717,United Kingdom,True
14243,United Kingdom,True
12963,United Kingdom,True
15079,United Kingdom,True
14437,United Kingdom,True
12942,United Kingdom,True
15660,United Kingdom,True
18092,United Kingdom,True
15358,United Kingdom,True
12481,Germany,True
12721,France,True
12621,Germany,True
18071,United Kingdom,True
12683,France,True
12755,Japan,True
13854,United Kingdom,True
12797,Portugal,True
13369,United Kingdom,True
12494,France,True
17857,United Kingdom,True
17411,United Kingdom,True
14932,Channel Islands,True
12429,Denmark,True
14987,United Kingdom,True
14355,United Kingdom,True
17526,United Kingdom,True
14896,United Kingdom,True
14440,United Kingdom,True
13240,United Kingdom,True
14479,United Kingdom,True
16065,United Kingdom,True
17430,United Kingdom,True
16520,United Kingdom,True
15945,United Kingdom,True
15181,United Kingdom,True
15856,United Kingdom,True
13102,United Kingdom,True
14205,United Kingdom,True
17702,United Kingdom,True
15271,United Kingdom,True
13982,United Kingdom,True
15288,United Kingdom,True
17978,United Kingdom,True
16795,United Kingdom,True
16519,United Kingdom,True
17816,United Kingdom,True
13021,United Kingdom,True
16255,United Kingdom,True
17671,United Kingdom,True
17646,United Kingdom,True
12649,Germany,True
16350,United Kingdom,True
12872,United Kingdom,True
17339,United Kingdom,True
18230,United Kingdom,True
16499,United Kingdom,True
17097,Spain,True
15192,United Kingdom,True
14441,United Kingdom,True
15279,United Kingdom,True
16579,United Kingdom,True
15380,United Kingdom,True
17442,United Kingdom,True
17950,United Kingdom,True
12826,United Kingdom,True
17456,United Kingdom,True
17307,United Kingdom,True
15811,United Kingdom,True
13327,United Kingdom,True
17700,United Kingdom,True
13136,United Kingdom,True
15535,United Kingdom,True
12605,Germany,True
15329,United Kingdom,True
15211,United Kingdom,True
15596,United Kingdom,True
16163,United Kingdom,True
16907,United Kingdom,True
17576,United Kingdom,True
14713,United Kingdom,True
14702,United Kingdom,True
13230,United Kingdom,True
13969,United Kingdom,True
17530,United Kingdom,True
15805,United Kingdom,True
17696,United Kingdom,True
17076,United Kingdom,True
17827,United Kingdom,True
16265,United Kingdom,True
17880,United Kingdom,True
13000,United Kingdom,True
17790,United Kingdom,True
12731,France,True
14419,United Kingdom,True
14082,United Kingdom,True
17912,United Kingdom,True
15723,United Kingdom,True
16656,United Kingdom,True
14037,United Kingdom,True
14256,United Kingdom,True
14543,United Kingdom,True
16062,United Kingdom,True
18116,United Kingdom,True
16019,United Kingdom,True
18178,United Kingdom,True
18065,United Kingdom,True
13148,United Kingdom,True
12989,United Kingdom,True
14107,United Kingdom,True
15881,United Kingdom,True
12785,Portugal,True
16727,United Kingdom,True
15514,United Kingdom,True
13787,United Kingdom,True
17865,United Kingdom,True
17220,United Kingdom,True
16565,United Kingdom,True
16873,United Kingdom,True
14062,United Kingdom,True
15179,United Kingdom,True
18016,United Kingdom,True
14448,United Kingdom,True
15503,United Kingdom,True
17251,United Kingdom,True
16923,United Kingdom,True
14159,United Kingdom,True
17126,United Kingdom,True
15224,United Kingdom,True
14577,United Kingdom,True
12753,Japan,True
17236,United Kingdom,True
17372,United Kingdom,True
16367,United Kingdom,True
12875,United Kingdom,True
17917,United Kingdom,True
16010,United Kingdom,True
17085,United Kingdom,True
13668,United Kingdom,True
14684,United Kingdom,True
17188,United Kingdom,True
15547,United Kingdom,True
15998,United Kingdom,True
14413,United Kingdom,True
18004,United Kingdom,True
13959,United Kingdom,True
16665,United Kingdom,True
15454,United Kingdom,True
15044,United Kingdom,True
17937,United Kingdom,True
14608,United Kingdom,True
17618,United Kingdom,True
14505,United Kingdom,True
18037,United Kingdom,True
13198,United Kingdom,True
12540,Spain,True
13225,United Kingdom,True
15361,United Kingdom,True
15689,United Kingdom,True
14290,United Kingdom,True
13209,United Kingdom,True
13999,United Kingdom,True
14498,United Kingdom,True
15854,United Kingdom,True
16701,United Kingdom,True
16927,United Kingdom,True
17990,United Kingdom,True
14544,United Kingdom,True
17338,United Kingdom,True
17231,United Kingdom,True
17799,United Kingdom,True
14565,United Kingdom,True
16726,United Kingdom,True
17303,United Kingdom,True
14639,United Kingdom,True
17611,United Kingdom,True
17179,United Kingdom,True
17524,United Kingdom,True
12476,Germany,True
17293,United Kingdom,True
17890,United Kingdom,True
17375,United Kingdom,True
17371,United Kingdom,True
17969,United Kingdom,True
15159,United Kingdom,True
13211,United Kingdom,True
15777,United Kingdom,True
14525,United Kingdom,True
13324,United Kingdom,True
13802,United Kingdom,True
13948,United Kingdom,True
13008,United Kingdom,True
14206,United Kingdom,True
16202,United Kingdom,True
16442,United Kingdom,True
18075,United Kingdom,True
15468,United Kingdom,True
16570,United Kingdom,True
14524,United Kingdom,True
18141,United Kingdom,True
12434,Australia,True
16810,United Kingdom,True
14961,United Kingdom,True
17041,United Kingdom,True
16458,United Kingdom,True
16083,United Kingdom,True
16262,United Kingdom,True
17194,United Kingdom,True
14057,United Kingdom,True
14871,United Kingdom,True
13178,United Kingdom,True
18044,United Kingdom,True
16812,United Kingdom,True
16191,United Kingdom,True
12370,Cyprus,True
14298,United Kingdom,True
17158,United Kingdom,True
14415,United Kingdom,True
16899,United Kingdom,True
16531,United Kingdom,True
17404,Sweden,True
16556,United Kingdom,True
16805,United Kingdom,True
16503,United Kingdom,True
17739,United Kingdom,True
13238,United Kingdom,True
12829,United Kingdom,True
13097,United Kingdom,True
12867,United Kingdom,True
15392,United Kingdom,True
13846,United Kingdom,True
14401,United Kingdom,True
16145,United Kingdom,True
17629,United Kingdom,True
14150,United Kingdom,True
13496,United Kingdom,True
13611,United Kingdom,True
16954,United Kingdom,True
17454,United Kingdom,True
17449,United Kingdom,True
17230,United Kingdom,True
12865,Austria,True
15950,United Kingdom,True
15512,United Kingdom,True
17525,United Kingdom,True
13458,United Kingdom,True
14426,United Kingdom,True
16003,United Kingdom,True
13092,United Kingdom,True
13426,United Kingdom,True
15101,United Kingdom,True
17033,United Kingdom,True
13221,United Kingdom,True
14201,United Kingdom,True
17692,United Kingdom,True
15822,United Kingdom,True
16134,United Kingdom,True
17551,United Kingdom,True
18050,United Kingdom,True
14913,United Kingdom,True
12666,Israel,True
15641,United Kingdom,True
13124,United Kingdom,True
17214,United Kingdom,True
15456,United Kingdom,True
15062,United Kingdom,True
12928,United Kingdom,True
15727,United Kingdom,True
17980,United Kingdom,True
15290,United Kingdom,True
17752,United Kingdom,True
15615,United Kingdom,True
12577,France,True
17044,United Kingdom,True
13829,United Kingdom,True
17633,United Kingdom,True
13266,United Kingdom,True
17820,United Kingdom,True
15664,United Kingdom,True
17189,United Kingdom,True
17496,United Kingdom,True
16607,United Kingdom,True
13317,United Kingdom,True
13890,United Kingdom,True
17001,United Kingdom,True
15246,United Kingdom,True
16996,United Kingdom,True
15482,United Kingdom,True
16037,United Kingdom,True
14841,United Kingdom,True
16670,United Kingdom,True
16985,United Kingdom,True
16705,United Kingdom,True
16470,United Kingdom,True
14414,United Kingdom,True
15563,United Kingdom,True
12980,United Kingdom,True
16746,United Kingdom,True
14878,United Kingdom,True
16743,United Kingdom,True
17146,United Kingdom,True
12877,United Kingdom,True
15394,United Kingdom,True
14621,United Kingdom,True
15379,United Kingdom,True
14309,United Kingdom,True
17288,United Kingdom,True
14709,United Kingdom,True
15157,United Kingdom,True
17744,United Kingdom,True
16316,United Kingdom,True
15620,United Kingdom,True
15789,United Kingdom,True
16560,United Kingdom,True
13534,United Kingdom,True
17580,United Kingdom,True
14777,United Kingdom,True
15759,United Kingdom,True
14373,United Kingdom,True
18176,United Kingdom,True
15366,United Kingdom,True
14735,United Kingdom,True
16271,United Kingdom,True
18223,United Kingdom,True
15532,United Kingdom,True
16816,United Kingdom,True
16684,United Kingdom,True
14334,United Kingdom,True
16945,United Kingdom,True
14643,United Kingdom,True
15197,United Kingdom,True
14220,United Kingdom,True
13874,United Kingdom,True
18260,United Kingdom,True
17848,United Kingdom,True
17392,United Kingdom,True
12348,Finland,True
14985,United Kingdom,True
13004,United Kingdom,True
14560,United Kingdom,True
12370,Austria,True
12931,United Kingdom,True
13627,United Kingdom,True
12551,Spain,True
12782,Portugal,True
14769,United Kingdom,True
15780,United Kingdom,True
12417,Belgium,True
17315,United Kingdom,True
16711,United Kingdom,True
12726,France,True
15204,United Kingdom,True
17888,United Kingdom,True
17007,United Kingdom,True
15160,United Kingdom,True
14016,EIRE,True
13033,United Kingdom,True
12691,France,True
13869,United Kingdom,True
14146,United Kingdom,True
12705,Germany,True
16885,United Kingdom,True
17913,United Kingdom,True
12668,Germany,True
14472,United Kingdom,True
17358,United Kingdom,True
16686,United Kingdom,True
18245,United Kingdom,True
17343,United Kingdom,True
18256,United Kingdom,True
16153,United Kingdom,True
12377,Switzerland,True
14646,Netherlands,True
12944,United Kingdom,True
15312,United Kingdom,True
0,Unknown,False
14099,United Kingdom,True
14113,United Kingdom,True
13104,United Kingdom,True
17204,United Kingdom,True
13027,United Kingdom,True
17621,United Kingdom,True
17090,United Kingdom,True
14119,United Kingdom,True
15527,United Kingdom,True
18097,United Kingdom,True
15460,United Kingdom,True
15034,United Kingdom,True
12423,Belgium,True
12678,France,True
15208,United Kingdom,True
17306,United Kingdom,True
14737,United Kingdom,True
13029,United Kingdom,True
16270,United Kingdom,True
13487,United Kingdom,True
12515,Italy,True
17400,United Kingdom,True
17593,United Kingdom,True
13953,United Kingdom,True
14533,United Kingdom,True
12734,France,True
14944,United Kingdom,True
17239,United Kingdom,True
14532,United Kingdom,True
12383,Belgium,True
15562,United Kingdom,True
15587,United Kingdom,True
13922,United Kingdom,True
13817,Germany,True
12585,Germany,True
13165,United Kingdom,True
13304,United Kingdom,True
13313,United Kingdom,True
16875,United Kingdom,True
16282,United Kingdom,True
12957,United Kingdom,True
14462,United Kingdom,True
13397,United Kingdom,True
13680,United Kingdom,True
12483,Sweden,True
15164,United Kingdom,True
17457,United Kingdom,True
14732,United Kingdom,True
14221,United Kingdom,True
14553,United Kingdom,True
13253,United Kingdom,True
17389,United Kingdom,True
12578,Italy,True
15841,United Kingdom,True
16112,United Kingdom,True
13629,United Kingdom,True
16600,United Kingdom,True
15661,United Kingdom,True
16532,United Kingdom,True
15266,United Kingdom,True
14653,United Kingdom,True
16771,United Kingdom,True
17585,United Kingdom,True
15046,United Kingdom,True
13082,United Kingdom,True
15464,United Kingdom,True
18226,United Kingdom,True
18062,United Kingdom,True
12415,Australia,True
12503,Spain,True
17368,United Kingdom,True
14258,United Kingdom,True
15719,United Kingdom,True
13368,United Kingdom,True
17634,United Kingdom,True
16676,United Kingdom,True
16424,United Kingdom,True
18283,United Kingdom,True
12735,France,True
13764,United Kingdom,True
13656,United Kingdom,True
12413,France,True
14312,United Kingdom,True
13280,United Kingdom,True
15845,United Kingdom,True
16094,United Kingdom,True
13187,United Kingdom,True
16567,United Kingdom,True
14828,United Kingdom,True
12530,Germany,True
16551,United Kingdom,True
16889,United Kingdom,True
16473,United Kingdom,True
13750,United Kingdom,True
12501,Germany,True
15607,United Kingdom,True
15139,United Kingdom,True
12489,France,True
17707,United Kingdom,True
18198,United Kingdom,True
12484,Spain,True
18179,United Kingdom,True
17284,United Kingdom,True
13233,United Kingdom,True
14889,United Kingdom,True
12480,Germany,True
14672,United Kingdom,True
13593,United Kingdom,True
13162,United Kingdom,True
13183,United Kingdom,True
17095,United Kingdom,True
12939,United Kingdom,True
15611,United Kingdom,True
17114,United Kingdom,True
15059,United Kingdom,True
16326,United Kingdom,True
17128,United Kingdom,True
14761,United Kingdom,True
17555,United Kingdom,True
12651,France,True
16735,United Kingdom,True
16833,United Kingdom,True
17800,United Kingdom,True
16748,United Kingdom,True
14755,United Kingdom,True
16549,United Kingdom,True
13565,United Kingdom,True
15799,United Kingdom,True
18032,United Kingdom,True
13451,United Kingdom,True
14794,United Kingdom,True
12539,Spain,True
12500,Germany,True
18171,United Kingdom,True
16279,United Kingdom,True
0,Unknown,False
12524,Germany,True
17811,United Kingdom,True
16850,United Kingdom,True
14321,United Kingdom,True
15326,United Kingdom,True
17849,United Kingdom,True
13672,United Kingdom,True
14229,United Kingdom,True
13107,United Kingdom,True
16497,United Kingdom,True
16303,United Kingdom,True
15281,United Kingdom,True
12736,France,True
13473,United Kingdom,True
14320,United Kingdom,True
12393,Australia,True
17742,United Kingdom,True
16351,United Kingdom,True
12601,Germany,True
13144,United Kingdom,True
15346,United Kingdom,True
15370,United Kingdom,True
12643,France,True
14295,United Kingdom,True
16034,United Kingdom,True
17365,United Kingdom,True
15189,United Kingdom,True
14669,United Kingdom,True
18095,United Kingdom,True
15518,United Kingdom,True
15749,United Kingdom,True
14209,United Kingdom,True
15569,United Kingdom,True
12728,France,True
17569,United Kingdom,True
13784,United Kingdom,True
12724,France,True
13862,United Kingdom,True
16791,United Kingdom,True
16235,United Kingdom,True
14270,United Kingdom,True
12665,Germany,True
12523,France,True
16655,United Kingdom,True
16359,United Kingdom,True
16554,United Kingdom,True
12359,Cyprus,True
15939,United Kingdom,True
14587,United Kingdom,True
14715,United Kingdom,True
14185,United Kingdom,True
12437,France,True
14040,United Kingdom,True
12652,France,True
14514,United Kingdom,True
15171,United Kingdom,True
14167,United Kingdom,True
17048,United Kingdom,True
17364,United Kingdom,True
13284,United Kingdom,True
16500,United Kingdom,True
12951,United Kingdom,True
15835,United Kingdom,True
18190,United Kingdom,True
13993,United Kingdom,True
14114,United Kingdom,True
15447,United Kingdom,True
16315,United Kingdom,True
14978,United Kingdom,True
16395,United Kingdom,True
15510,United Kingdom,True
13614,United Kingdom,True
13246,United Kingdom,True
15687,United Kingdom,True
16493,United Kingdom,True
12490,France,True
12672,France,True
13385,United Kingdom,True
15626,United Kingdom,True
12553,France,True
15213,United Kingdom,True
14175,United Kingdom,True
18106,United Kingdom,True
15033,United Kingdom,True
14329,United Kingdom,True
16401,United Kingdom,True
16206,United Kingdom,True
13782,United Kingdom,True
12924,United Kingdom,True
16593,United Kingdom,True
13700,United Kingdom,True
13064,United Kingdom,True
13048,United Kingdom,True
18069,United Kingdom,True
13634,United Kingdom,True
16843,United Kingdom,True
17064,United Kingdom,True
17609,United Kingdom,True
15673,United Kingdom,True
12626,Germany,True
14976,United Kingdom,True
12388,Australia,True
13527,United Kingdom,True
15696,United Kingdom,True
15316,United Kingdom,True
12673,Germany,True
15296,United Kingdom,True
17988,United Kingdom,True
12820,United Kingdom,True
13001,United Kingdom,True
14101,United Kingdom,True
14238,United Kingdom,True
17730,United Kingdom,True
13929,United Kingdom,True
14657,United Kingdom,True
13859,United Kingdom,True
18212,United Kingdom,True
14292,United Kingdom,True
13883,United Kingdom,True
18233,United Kingdom,True
17018,United Kingdom,True
14242,United Kingdom,True
12356,Portugal,True
12346,United Kingdom,True
13898,United Kingdom,True
16948,United Kingdom,True
16997,United Kingdom,True
12527,Germany,True
15395,United Kingdom,True
12510,Spain,True
13693,United Kingdom,True
13263,United Kingdom,True
14428,United Kingdom,True
12451,Switzerland,True
12422,Australia,True
17708,United Kingdom,True
14090,United Kingdom,True
15606,United Kingdom,True
15831,United Kingdom,True
13310,United Kingdom,True
14916,United Kingdom,True
17602,United Kingdom,True
14572,United Kingdom,True
13502,United Kingdom,True
14784,United Kingdom,True
15938,United Kingdom,True
12637,France,True
17418,United Kingdom,True
14779,United Kingdom,True
16321,Australia,True
15262,United Kingdom,True
17862,United Kingdom,True
16892,United Kingdom,True
12402,Belgium,True
17771,United Kingdom,True
15422,United Kingdom,True
14770,United Kingdom,True
16912,United Kingdom,True
15174,United Kingdom,True
14895,United Kingdom,True
12594,Italy,True
17504,United Kingdom,True
16387,United Kingdom,True
12664,Finland,True
16618,United Kingdom,True
17277,United Kingdom,True
14088,United Kingdom,True
17094,United Kingdom,True
14692,United Kingdom,True
12970,United Kingdom,True
17889,United Kingdom,True
17644,United Kingdom,True
17714,United Kingdom,True
12916,United Kingdom,True
17769,United Kingdom,True
14450,United Kingdom,True
16085,United Kingdom,True
13659,United Kingdom,True
15167,United Kingdom,True
15443,United Kingdom,True
14224,United Kingdom,True
13742,United Kingdom,True
17673,United Kingdom,True
12727,France,True
14068,United Kingdom,True
13068,United Kingdom,True
14368,United Kingdom,True
15497,United Kingdom,True
12559,Germany,True
13819,United Kingdom,True
14501,United Kingdom,True
14782,United Kingdom,True
17861,United Kingdom,True
14439,Greece,True
18161,United Kingdom,True
15820,United Kingdom,True
18136,United Kingdom,True
16660,United Kingdom,True
12693,Germany,True
12625,Germany,True
13396,United Kingdom,True
12935,United Kingdom,True
16730,United Kingdom,True
14541,United Kingdom,True
0,Unknown,False
13551,United Kingdom,True
12421,Spain,True
15797,United Kingdom,True
15052,United Kingdom,True
14130,United Kingdom,True
15222,United Kingdom,True
13615,United Kingdom,True
13901,United Kingdom,True
13158,United Kingdom,True
14257,United Kingdom,True
15218,United Kingdom,True
15110,United Kingdom,True
14534,United Kingdom,True
15967,United Kingdom,True
16757,United Kingdom,True
12854,United Kingdom,True
13815,Germany,True
18008,United Kingdom,True
18277,United Kingdom,True
14389,United Kingdom,True
13703,United Kingdom,True
15339,United Kingdom,True
12744,Singapore,True
16222,United Kingdom,True
14341,United Kingdom,True
13168,United Kingdom,True
16943,United Kingdom,True
17515,United Kingdom,True
17082,United Kingdom,True
14248,United Kingdom,True
12609,Germany,True
13002,United Kingdom,True
16133,United Kingdom,True
13049,United Kingdom,True
14548,United Kingdom,True
13405,United Kingdom,True
14049,United Kingdom,True
16043,United Kingdom,True
15812,United Kingdom,True
13837,United Kingdom,True
17118,United Kingdom,True
14616,United Kingdom,True
14233,United Kingdom,True
17075,United Kingdom,True
16714,United Kingdom,True
13098,United Kingdom,True
17027,United Kingdom,True
12591,Italy,True
17786,United Kingdom,True
16124,United Kingdom,True
16409,United Kingdom,True
13754,United Kingdom,True
15227,United Kingdom,True
12997,United Kingdom,True
15215,United Kingdom,True
16918,United Kingdom,True
16882,United Kingdom,True
14442,Channel Islands,True
16496,United Kingdom,True
12764,Lebanon,True
17311,United Kingdom,True
15910,United Kingdom,True
16949,United Kingdom,True
14970,United Kingdom,True
14701,United Kingdom,True
12645,Germany,True
12468,Germany,True
16767,United Kingdom,True
14738,United Kingdom,True
17540,United Kingdom,True
14239,United Kingdom,True
18125,United Kingdom,True
13328,United Kingdom,True
15549,United Kingdom,True
15864,United Kingdom,True
14662,United Kingdom,True
17180,United Kingdom,True
15057,United Kingdom,True
12574,France,True
13330,United Kingdom,True
13552,United Kingdom,True
12853,United Kingdom,True
13538,United Kingdom,True
16755,United Kingdom,True
14133,United Kingdom,True
16523,United Kingdom,True
14659,United Kingdom,True
13141,United Kingdom,True
15365,United Kingdom,True
13707,United Kingdom,True
13709,United Kingdom,True
17329,United Kingdom,True
14805,United Kingdom,True
16897,United Kingdom,True
15579,United Kingdom,True
14595,United Kingdom,True
13161,United Kingdom,True
15415,United Kingdom,True
17431,United Kingdom,True
17463,United Kingdom,True
14502,United Kingdom,True
12528,Germany,True
15448,United Kingdom,True
17314,United Kingdom,True
17373,United Kingdom,True
18145,United Kingdom,True
14467,United Kingdom,True
12908,United Kingdom,True
15144,United Kingdom,True
14776,United Kingdom,True
16403,United Kingdom,True
16407,United Kingdom,True
17619,United Kingdom,True
12778,Netherlands,True
17256,United Kingdom,True
17604,United Kingdom,True
14006,United Kingdom,True
13600,United Kingdom,True
15058,United Kingdom,True
17147,United Kingdom,True
13881,United Kingdom,True
16612,United Kingdom,True
14627,United Kingdom,True
17356,United Kingdom,True
12477,Germany,True
12836,United Kingdom,True
13939,United Kingdom,True
16745,United Kingdom,True
13606,United Kingdom,True
13494,United Kingdom,True
12929,United Kingdom,True
16419,United Kingdom,True
17035,United Kingdom,True
15203,United Kingdom,True
16515,United Kingdom,True
12373,Austria,True
18202,United Kingdom,True
12775,Netherlands,True
14549,United Kingdom,True
15981,United Kingdom,True
16110,United Kingdom,True
17376,United Kingdom,True
13110,United Kingdom,True
16716,United Kingdom,True
12676,Sweden,True
15940,United Kingdom,True
15971,United Kingdom,True
14665,United Kingdom,True
14457,United Kingdom,True
15589,United Kingdom,True
14411,United Kingdom,True
17560,United Kingdom,True
15226,United Kingdom,True
14460,United Kingdom,True
16156,United Kingdom,True
13728,United Kingdom,True
14127,United Kingdom,True
16378,United Kingdom,True
13894,United Kingdom,True
13824,United Kingdom,True
18250,United Kingdom,True
15270,United Kingdom,True
14188,United Kingdom,True
18017,United Kingdom,True
15421,United Kingdom,True
17446,United Kingdom,True
12414,Austria,True
14798,United Kingdom,True
12990,United Kingdom,True
12350,Norway,True
16992,United Kingdom,True
17337,United Kingdom,True
16405,United Kingdom,True
17071,United Kingdom,True
13873,United Kingdom,True
17362,United Kingdom,True
13394,United Kingdom,True
12502,Spain,True
16333,United Kingdom,True
16030,United Kingdom,True
14044,United Kingdom,True
13800,United Kingdom,True
17672,United Kingdom,True
12464,Belgium,True
13581,United Kingdom,True
14540,United Kingdom,True
13539,United Kingdom,True
15885,United Kingdom,True
14497,United Kingdom,True
17507,United Kingdom,True
13208,United Kingdom,True
17334,United Kingdom,True
13871,United Kingdom,True
16938,United Kingdom,True
12754,Japan,True
12410,Switzerland,True
17929,United Kingdom,True
14778,United Kingdom,True
17517,United Kingdom,True
17226,United Kingdom,True
13137,United Kingdom,True
13725,United Kingdom,True
13309,United Kingdom,True
12842,United Kingdom,True
16109,United Kingdom,True
17291,United Kingdom,True
15090,United Kingdom,True
15199,United Kingdom,True
13911,United Kingdom,True
14194,United Kingdom,True
14842,United Kingdom,True
13584,United Kingdom,True
17105,United Kingdom,True
14438,United Kingdom,True
12956,United Kingdom,True
15781,United Kingdom,True
14410,United Kingdom,True
14600,United Kingdom,True
17302,United Kingdom,True
17613,United Kingdom,True
13334,United Kingdom,True
13955,United Kingdom,True
17162,United Kingdom,True
17774,United Kingdom,True
13809,Cyprus,True
15407,United Kingdom,True
15577,United Kingdom,True
16332,United Kingdom,True
14048,United Kingdom,True
14475,United Kingdom,True
17859,United Kingdom,True
12576,Poland,True
15753,United Kingdom,True
12599,France,True
14562,United Kingdom,True
16951,United Kingdom,True
16998,United Kingdom,True
13133,United Kingdom,True
17881,United Kingdom,True
15843,United Kingdom,True
17083,United Kingdom,True
15970,United Kingdom,True
13590,United Kingdom,True
17537,United Kingdom,True
12401,Belgium,True
12462,Spain,True
17843,United Kingdom,True
13706,United Kingdom,True
17940,United Kingdom,True
17686,United Kingdom,True
14431,United Kingdom,True
15809,United Kingdom,True
12561,Germany,True
14465,United Kingdom,True
18093,United Kingdom,True
16027,United Kingdom,True
12857,United Kingdom,True
16425,United Kingdom,True
16842,United Kingdom,True
15796,United Kingdom,True
14555,United Kingdom,True
15114,United Kingdom,True
15133,United Kingdom,True
17705,United Kingdom,True
18087,United Kingdom,True
12897,United Kingdom,True
17512,United Kingdom,True
15550,United Kingdom,True
14676,United Kingdom,True
12505,Italy,True
18159,United Kingdom,True
14304,United Kingdom,True
15638,United Kingdom,True
12943,United Kingdom,True
13875,United Kingdom,True
15406,United Kingdom,True
18084,United Kingdom,True
17282,United Kingdom,True
16434,United Kingdom,True
17050,United Kingdom,True
13171,United Kingdom,True
17472,United Kingdom,True
17255,United Kingdom,True
16084,United Kingdom,True
17667,United Kingdom,True
12507,Spain,True
14631,United Kingdom,True
13381,United Kingdom,True
15236,United Kingdom,True
13475,United Kingdom,True
17829,United Arab Emirates,True
13717,United Kingdom,True
13157,United Kingdom,True
14644,United Kingdom,True
12993,United Kingdom,True
17571,United Kingdom,True
16979,United Kingdom,True
16738,United Kingdom,True
15122,United Kingdom,True
17612,United Kingdom,True
17348,United Kingdom,True
13893,United Kingdom,True
14035,United Kingdom,True
13623,United Kingdom,True
14346,United Kingdom,True
16431,United Kingdom,True
12616,France,True
16317,United Kingdom,True
14935,Channel Islands,True
16073,United Kingdom,True
14477,United Kingdom,True
14760,United Kingdom,True
14897,United Kingdom,True
15810,United Kingdom,True
16509,United Kingdom,True
14386,United Kingdom,True
12455,Cyprus,True
14530,United Kingdom,True
15670,United Kingdom,True
12653,Israel,True
16126,United Kingdom,True
14609,United Kingdom,True
13414,United Kingdom,True
12823,United Kingdom,True
12352,Norway,True
12372,Denmark,True
16494,United Kingdom,True
14959,United Kingdom,True
16148,United Kingdom,True
17422,United Kingdom,True
17175,United Kingdom,True
18257,United Kingdom,True
12431,Belgium,True
12362,Belgium,True
13018,United Kingdom,True
13718,United Kingdom,True
15382,United Kingdom,True
14754,United Kingdom,True
13151,United Kingdom,True
12654,Germany,True
13085,United Kingdom,True
15903,United Kingdom,True
15785,United Kingdom,True
18138,United Kingdom,True
14379,United Kingdom,True
14211,United Kingdom,True
14371,United Kingdom,True
13425,United Kingdom,True
12852,United Kingdom,True
15228,United Kingdom,True
13012,United Kingdom,True
16182,United Kingdom,True
13489,United Kingdom,True
12714,France,True
13904,United Kingdom,True
15755,United Kingdom,True
13932,United Kingdom,True
13799,United Kingdom,True
13951,United Kingdom,True
16765,United Kingdom,True
18172,United Kingdom,True
16566,United Kingdom,True
12891,United Kingdom,True
16466,United Kingdom,True
16115,United Kingdom,True
14162,United Kingdom,True
13301,United Kingdom,True
14803,United Kingdom,True
13744,United Kingdom,True
12988,United Kingdom,True
17323,United Kingdom,True
12707,France,True
18094,United Kingdom,True
15129,United Kingdom,True
17361,United Kingdom,True
18155,United Kingdom,True
15321,United Kingdom,True
13477,United Kingdom,True
15065,United Kingdom,True
16980,United Kingdom,True
15146,United Kingdom,True
12365,Cyprus,True
13410,United Kingdom,True
13044,United Kingdom,True
16441,United Kingdom,True
16014,United Kingdom,True
14520,United Kingdom,True
17994,United Kingdom,True
13038,United Kingdom,True
17002,United Kingdom,True
15722,United Kingdom,True
16349,United Kingdom,True
16913,United Kingdom,True
18114,United Kingdom,True
15303,United Kingdom,True
12845,United Kingdom,True
18188,United Kingdom,True
16045,United Kingdom,True
16573,United Kingdom,True
13421,United Kingdom,True
18196,United Kingdom,True
13285,United Kingdom,True
13184,United Kingdom,True
18151,United Kingdom,True
13804,United Kingdom,True
17499,United Kingdom,True
15397,United Kingdom,True
14276,United Kingdom,True
13453,United Kingdom,True
16394,United Kingdom,True
17711,United Kingdom,True
13865,United Kingdom,True
16940,United Kingdom,True
14289,United Kingdom,True
16208,United Kingdom,True
17063,United Kingdom,True
13149,United Kingdom,True
18068,United Kingdom,True
15932,United Kingdom,True
16692,United Kingdom,True
15590,United Kingdom,True
17171,United Kingdom,True
18231,United Kingdom,True
14004,United Kingdom,True
17139,United Kingdom,True
14513,United Kingdom,True
13118,United Kingdom,True
15974,United Kingdom,True
17830,United Kingdom,True
12565,Saudi Arabia,True
12582,Finland,True
14231,United Kingdom,True
17867,United Kingdom,True
14880,United Kingdom,True
15121,United Kingdom,True
17117,United Kingdom,True
12945,United Kingdom,True
18056,United Kingdom,True
16072,United Kingdom,True
16838,United Kingdom,True
15543,United Kingdom,True
13751,United Kingdom,True
15847,United Kingdom,True
13851,United Kingdom,True
13501,Switzerland,True
12633,Germany,True
13345,United Kingdom,True
13870,United Kingdom,True
17034,United Kingdom,True
16592,United Kingdom,True
15712,United Kingdom,True
13362,United Kingdom,True
14470,United Kingdom,True
17388,United Kingdom,True
16841,United Kingdom,True
13753,United Kingdom,True
13666,United Kingdom,True
12361,Belgium,True
14481,United Kingdom,True
13792,United Kingdom,True
17663,United Kingdom,True
13973,United Kingdom,True
15990,United Kingdom,True
13493,Switzerland,True
13684,United Kingdom,True
13261,United Kingdom,True
16598,United Kingdom,True
14147,United Kingdom,True
15951,United Kingdom,True
13971,United Kingdom,True
17516,United Kingdom,True
13630,United Kingdom,True
14157,United Kingdom,True
13636,United Kingdom,True
13610,United Kingdom,True
14745,United Kingdom,True
12781,Czech Republic,True
14036,United Kingdom,True
16057,United Kingdom,True
15724,United Kingdom,True
12458,Switzerland,True
12598,France,True
13675,United Kingdom,True
14227,United Kingdom,True
16668,United Kingdom,True
16667,United Kingdom,True
13509,United Kingdom,True
15874,United Kingdom,True
16187,United Kingdom,True
16339,United Kingdom,True
12509,France,True
14046,United Kingdom,True
13292,United Kingdom,True
16427,United Kingdom,True
14056,United Kingdom,True
15656,United Kingdom,True
12811,Portugal,True
16518,United Kingdom,True
17165,United Kingdom,True
17462,United Kingdom,True
14620,United Kingdom,True
14740,United Kingdom,True
16462,United Kingdom,True
12428,Finland,True
16078,United Kingdom,True
16915,United Kingdom,True
15676,United Kingdom,True
15709,United Kingdom,True
15241,United Kingdom,True
12933,United Kingdom,True
15092,United Kingdom,True
12679,France,True
15319,United Kingdom,True
16212,United Kingdom,True
15257,United Kingdom,True
14656,United Kingdom,True
13884,United Kingdom,True
12866,Belgium,True
13166,United Kingdom,True
16389,United Kingdom,True
15416,United Kingdom,True
15733,United Kingdom,True
16678,United Kingdom,True
12834,United Kingdom,True
13722,United Kingdom,True
14934,Channel Islands,True
15067,United Kingdom,True
16128,United Kingdom,True
17770,United Kingdom,True
15622,United Kingdom,True
14473,United Kingdom,True
15104,United Kingdom,True
15643,United Kingdom,True
16792,United Kingdom,True
15031,United Kingdom,True
15636,United Kingdom,True
12873,United Kingdom,True
17923,United Kingdom,True
16217,United Kingdom,True
17738,United Kingdom,True
17426,United Kingdom,True
16957,United Kingdom,True
16571,United Kingdom,True
14483,United Kingdom,True
15087,United Kingdom,True
16709,United Kingdom,True
17856,United Kingdom,True
15053,United Kingdom,True
18218,United Kingdom,True
16159,United Kingdom,True
17995,United Kingdom,True
17374,United Kingdom,True
17789,United Kingdom,True
17416,United Kingdom,True
17652,United Kingdom,True
13476,United Kingdom,True
12817,Austria,True
15393,United Kingdom,True
13014,United Kingdom,True
17508,Greece,True
13931,United Kingdom,True
12541,Spain,True
13382,United Kingdom,True
15220,United Kingdom,True
14570,United Kingdom,True
14447,United Kingdom,True
13557,United Kingdom,True
16449,United Kingdom,True
12547,Spain,True
17325,United Kingdom,True
14995,United Kingdom,True
16414,United Kingdom,True
15681,United Kingdom,True
14670,United Kingdom,True
15675,United Kingdom,True
12584,Italy,True
17535,United Kingdom,True
15400,United Kingdom,True
14903,United Kingdom,True
14499,United Kingdom,True
18211,United Kingdom,True
14504,United Kingdom,True
15572,United Kingdom,True
17107,United Kingdom,True
14247,United Kingdom,True
15554,United Kingdom,True
14915,United Kingdom,True
16136,United Kingdom,True
18280,United Kingdom,True
12614,Germany,True
13344,United Kingdom,True
16621,United Kingdom,True
16225,United Kingdom,True
14214,United Kingdom,True
14012,United Kingdom,True
16356,United Kingdom,True
17654,United Kingdom,True
15026,United Kingdom,True
16517,United Kingdom,True
14817,United Kingdom,True
17092,United Kingdom,True
16242,United Kingdom,True
15869,United Kingdom,True
17817,United Kingdom,True
15234,United Kingdom,True
15764,United Kingdom,True
15806,United Kingdom,True
15819,United Kingdom,True
14586,United Kingdom,True
15944,United Kingdom,True
13340,United Kingdom,True
16917,United Kingdom,True
14407,United Kingdom,True
13908,United Kingdom,True
12758,Portugal,True
13975,United Kingdom,True
14730,United Kingdom,True
12623,Germany,True
14367,United Kingdom,True
13373,United Kingdom,True
16712,United Kingdom,True
17639,United Kingdom,True
16426,United Kingdom,True
16495,United Kingdom,True
14336,United Kingdom,True
14507,United Kingdom,True
12759,Netherlands,True
17049,United Kingdom,True
15206,United Kingdom,True
14013,United Kingdom,True
14645,United Kingdom,True
15071,United Kingdom,True
14112,United Kingdom,True
13026,United Kingdom,True
12881,United Kingdom,True
17864,United Kingdom,True
14936,Channel Islands,True
17138,United Kingdom,True
16572,United Kingdom,True
14165,United Kingdom,True
15367,United Kingdom,True
14291,United Kingdom,True
15632,United Kingdom,True
14297,United Kingdom,True
13899,United Kingdom,True
16471,United Kingdom,True
18183,United Kingdom,True
14603,United Kingdom,True
18173,United Kingdom,True
14854,United Kingdom,True
16625,United Kingdom,True
14064,United Kingdom,True
15308,United Kingdom,True
18086,United Kingdom,True
14350,United Kingdom,True
14930,Channel Islands,True
16080,United Kingdom,True
14727,United Kingdom,True
16778,United Kingdom,True
14077,United Kingdom,True
16808,United Kingdom,True
16475,United Kingdom,True
13265,United Kingdom,True
12520,Germany,True
15049,United Kingdom,True
18149,United Kingdom,True
13654,United Kingdom,True
16652,United Kingdom,True
16766,United Kingdom,True
16801,United Kingdom,True
17164,United Kingdom,True
13226,United Kingdom,True
13043,United Kingdom,True
14352,United Kingdom,True
17351,United Kingdom,True
16768,United Kingdom,True
16693,United Kingdom,True
13956,United Kingdom,True
13708,United Kingdom,True
15918,United Kingdom,True
15671,United Kingdom,True
14962,United Kingdom,True
16807,United Kingdom,True
15125,United Kingdom,True
16871,United Kingdom,True
12901,United Kingdom,True
13452,United Kingdom,True
15493,United Kingdom,True
16005,United Kingdom,True
15388,Canada,True
16804,United Kingdom,True
13499,United Kingdom,True
15047,United Kingdom,True
14193,United Kingdom,True
17542,United Kingdom,True
17080,United Kingdom,True
16392,United Kingdom,True
15106,United Kingdom,True
16214,United Kingdom,True
13716,United Kingdom,True
15150,United Kingdom,True
16061,United Kingdom,True
14226,United Kingdom,True
13121,United Kingdom,True
16297,United Kingdom,True
12994,United Kingdom,True
16152,United Kingdom,True
14636,United Kingdom,True
16040,United Kingdom,True
15793,United Kingdom,True
13358,United Kingdom,True
12849,United Kingdom,True
15182,United Kingdom,True
13299,United Kingdom,True
16383,United Kingdom,True
15381,United Kingdom,True
12597,Spain,True
15030,United Kingdom,True
12435,Denmark,True
12955,United Kingdom,True
18189,United Kingdom,True
13946,United Kingdom,True
17716,United Kingdom,True
13185,United Kingdom,True
14840,United Kingdom,True
13216,United Kingdom,True
13650,United Kingdom,True
13533,United Kingdom,True
13268,United Kingdom,True
15433,United Kingdom,True
12937,United Kingdom,True
17603,United Kingdom,True
16216,United Kingdom,True
16377,United Kingdom,True
16976,United Kingdom,True
12514,Italy,True
18210,United Kingdom,True
13631,United Kingdom,True
14422,United Kingdom,True
15648,United Kingdom,True
17725,United Kingdom,True
15861,United Kingdom,True
13072,United Kingdom,True
15695,United Kingdom,True
14110,United Kingdom,True
14059,United Kingdom,True
16672,United Kingdom,True
16511,United Kingdom,True
16256,United Kingdom,True
13591,United Kingdom,True
14066,United Kingdom,True
15483,United Kingdom,True
16626,United Kingdom,True
15019,United Kingdom,True
18270,United Kingdom,True
14315,United Kingdom,True
17921,United Kingdom,True
14041,United Kingdom,True
17060,United Kingdom,True
16023,United Kingdom,True
17133,United Kingdom,True
12878,United Kingdom,True
14155,United Kingdom,True
17043,United Kingdom,True
13046,United Kingdom,True
14633,United Kingdom,True
12948,United Kingdom,True
15703,United Kingdom,True
14071,United Kingdom,True
17134,United Kingdom,True
17795,United Kingdom,True
12902,United Kingdom,True
16444,United Kingdom,True
14232,United Kingdom,True
14693,United Kingdom,True
12407,Belgium,True
16728,United Kingdom,True
16096,United Kingdom,True
13985,United Kingdom,True
13592,United Kingdom,True
15140,United Kingdom,True
12843,United Kingdom,True
14408,United Kingdom,True
15408,United Kingdom,True
15445,United Kingdom,True
15452,United Kingdom,True
14223,United Kingdom,True
16619,United Kingdom,True
14762,United Kingdom,True
13934,United Kingdom,True
15669,United Kingdom,True
16384,United Kingdom,True
18224,United Kingdom,True
14245,United Kingdom,True
17678,United Kingdom,True
15855,United Kingdom,True
16036,United Kingdom,True
17763,United Kingdom,True
13262,United Kingdom,True
17152,United Kingdom,True
14632,United Kingdom,True
13900,United Kingdom,True
14875,United Kingdom,True
15132,United Kingdom,True
17272,United Kingdom,True
16135,United Kingdom,True
12831,United Kingdom,True
15437,United Kingdom,True
16809,United Kingdom,True
14711,United Kingdom,True
14377,United Kingdom,True
16374,United Kingdom,True
13196,United Kingdom,True
15457,United Kingdom,True
12613,Germany,True
16721,United Kingdom,True
12399,Belgium,True
17733,United Kingdom,True
17102,United Kingdom,True
15410,United Kingdom,True
13239,United Kingdom,True
15449,United Kingdom,True
14870,United Kingdom,True
13821,United Kingdom,True
17096,United Kingdom,True
12604,France,True
12818,Austria,True
18191,United Kingdom,True
14461,United Kingdom,True
13132,United Kingdom,True
16859,United Kingdom,True
15245,United Kingdom,True
17486,United Kingdom,True
16308,United Kingdom,True
12564,France,True
14607,United Kingdom,True
13249,United Kingdom,True
15644,United Kingdom,True
14075,United Kingdom,True
17250,United Kingdom,True
17966,United Kingdom,True
14129,United Kingdom,True
15651,United Kingdom,True
13035,United Kingdom,True
13341,United Kingdom,True
13512,United Kingdom,True
16620,United Kingdom,True
17698,United Kingdom,True
14267,United Kingdom,True
13736,United Kingdom,True
16022,United Kingdom,True
14235,United Kingdom,True
16769,United Kingdom,True
17754,United Kingdom,True
12408,Belgium,True
16063,United Kingdom,True
15178,United Kingdom,True
14348,United Kingdom,True
15815,United Kingdom,True
13695,United Kingdom,True
17979,United Kingdom,True
13139,United Kingdom,True
12545,Spain,True
14758,United Kingdom,True
14536,United Kingdom,True
13662,United Kingdom,True
17946,United Kingdom,True
13743,United Kingdom,True
18078,United Kingdom,True
16780,United Kingdom,True
18273,United Kingdom,True
15045,United Kingdom,True
17625,United Kingdom,True
13357,United Kingdom,True
16777,United Kingdom,True
14476,United Kingdom,True
16245,United Kingdom,True
12669,France,True
12792,Portugal,True
17765,United Kingdom,True
15083,United Kingdom,True
18010,United Kingdom,True
15249,United Kingdom,True
13760,United Kingdom,True
15624,United Kingdom,True
17749,United Kingdom,True
15068,United Kingdom,True
14538,United Kingdom,True
14851,United Kingdom,True
14021,United Kingdom,True
13037,United Kingdom,True
18177,United Kingdom,True
14128,United Kingdom,True
17874,United Kingdom,True
17719,United Kingdom,True
17931,United Kingdom,True
13803,United Kingdom,True
17398,United Kingdom,True
15906,United Kingdom,True
16253,United Kingdom,True
13439,United Kingdom,True
12888,United Kingdom,True
13588,United Kingdom,True
12456,Switzerland,True
15521,United Kingdom,True
13720,United Kingdom,True
15674,United Kingdom,True
17594,United Kingdom,True
17775,United Kingdom,True
13988,United Kingdom,True
16657,United Kingdom,True
15424,United Kingdom,True
13316,United Kingdom,True
16788,United Kingdom,True
16584,United Kingdom,True
15364,United Kingdom,True
18108,United Kingdom,True
14272,United Kingdom,True
15980,United Kingdom,True
15832,United Kingdom,True
16092,United Kingdom,True
15528,United Kingdom,True
16398,United Kingdom,True
17088,United Kingdom,True
17438,United Kingdom,True
13060,United Kingdom,True
14790,United Kingdom,True
14890,United Kingdom,True
16386,United Kingdom,True
14818,United Kingdom,True
13571,United Kingdom,True
12909,United Kingdom,True
12619,Germany,True
16698,United Kingdom,True
16681,United Kingdom,True
13573,United Kingdom,True
14957,United Kingdom,True
13918,United Kingdom,True
17212,United Kingdom,True
17781,United Kingdom,True
14886,United Kingdom,True
13626,United Kingdom,True
16609,United Kingdom,True
16180,United Kingdom,True
13462,United Kingdom,True
18263,United Kingdom,True
16960,United Kingdom,True
13841,United Kingdom,True
17701,United Kingdom,True
12949,United Kingdom,True
14852,United Kingdom,True
12569,Germany,True
13169,United Kingdom,True
16162,United Kingdom,True
15691,United Kingdom,True
14195,United Kingdom,True
13781,United Kingdom,True
17758,United Kingdom,True
14023,United Kingdom,True
17669,United Kingdom,True
16142,United Kingdom,True
17648,United Kingdom,True
13059,United Kingdom,True
16224,United Kingdom,True
15223,United Kingdom,True
17886,United Kingdom,True
13294,United Kingdom,True
15289,United Kingdom,True
18185,United Kingdom,True
17956,United Kingdom,True
15756,United Kingdom,True
14747,United Kingdom,True
14719,United Kingdom,True
13015,United Kingdom,True
16586,United Kingdom,True
16105,United Kingdom,True
14546,United Kingdom,True
15442,United Kingdom,True
16906,United Kingdom,True
14535,United Kingdom,True
16170,United Kingdom,True
15244,United Kingdom,True
16696,United Kingdom,True
15145,United Kingdom,True
17492,United Kingdom,True
13525,United Kingdom,True
17409,United Kingdom,True
17783,United Kingdom,True
13863,United Kingdom,True
13515,United Kingdom,True
15917,United Kingdom,True
17440,United Kingdom,True
17045,United Kingdom,True
17140,United Kingdom,True
15201,United Kingdom,True
14964,United Kingdom,True
16031,United Kingdom,True
14403,United Kingdom,True
17042,United Kingdom,True
13771,United Kingdom,True
17906,United Kingdom,True
18272,United Kingdom,True
16144,United Kingdom,True
13731,United Kingdom,True
12580,Germany,True
14912,Italy,True
15530,United Kingdom,True
13950,United Kingdom,True
13752,United Kingdom,True
13892,United Kingdom,True
14446,United Kingdom,True
16209,United Kingdom,True
15754,United Kingdom,True
13712,United Kingdom,True
15800,United Kingdom,True
16469,United Kingdom,True
13005,United Kingdom,True
14981,United Kingdom,True
17928,United Kingdom,True
16261,United Kingdom,True
17883,United Kingdom,True
14619,United Kingdom,True
13995,United Kingdom,True
16643,United Kingdom,True
14246,United Kingdom,True
18040,United Kingdom,True
16837,United Kingdom,True
15119,United Kingdom,True
16325,United Kingdom,True
14924,United Kingdom,True
15109,United Kingdom,True
16623,United Kingdom,True
12999,United Kingdom,True
12717,Greece,True
13962,United Kingdom,True
18036,United Kingdom,True
14958,United Kingdom,True
13562,United Kingdom,True
15775,United Kingdom,True
17054,United Kingdom,True
17268,United Kingdom,True
13548,United Kingdom,True
13508,United Kingdom,True
12447,Belgium,True
13570,United Kingdom,True
13232,United Kingdom,True
18129,United Kingdom,True
13632,United Kingdom,True
15665,United Kingdom,True
17550,United Kingdom,True
15655,United Kingdom,True
14286,United Kingdom,True
16188,United Kingdom,True
12656,France,True
15214,United Kingdom,True
17574,United Kingdom,True
15737,United Kingdom,True
18080,United Kingdom,True
14311,United Kingdom,True
14339,United Kingdom,True
12982,United Kingdom,True
12701,Germany,True
12596,Spain,True
14273,United Kingdom,True
12363,Unspecified,True
13549,United Kingdom,True
15414,United Kingdom,True
13203,United Kingdom,True
14628,United Kingdom,True
14326,United Kingdom,True
15935,United Kingdom,True
13655,United Kingdom,True
12910,United Kingdom,True
13577,United Kingdom,True
15251,United Kingdom,True
14111,United Kingdom,True
17160,United Kingdom,True
16172,United Kingdom,True
17972,United Kingdom,True
12463,Belgium,True
14844,United Kingdom,True
17278,United Kingdom,True
15212,United Kingdom,True
16729,United Kingdom,True
14998,United Kingdom,True
13484,United Kingdom,True
16697,United Kingdom,True
14931,Channel Islands,True
18236,United Kingdom,True
13740,United Kingdom,True
16454,United Kingdom,True
15230,United Kingdom,True
15134,United Kingdom,True
16309,United Kingdom,True
13544,United Kingdom,True
14262,United Kingdom,True
13134,United Kingdom,True
17589,United Kingdom,True
16097,United Kingdom,True
13122,United Kingdom,True
16966,United Kingdom,True
17746,United Kingdom,True
16175,United Kingdom,True
14834,United Kingdom,True
16348,United Kingdom,True
15147,United Kingdom,True
16131,United Kingdom,True
15813,United Kingdom,True
17058,United Kingdom,True
17704,United Kingdom,True
16933,United Kingdom,True
13772,United Kingdom,True
16249,United Kingdom,True
14198,United Kingdom,True
13989,United Kingdom,True
17930,United Kingdom,True
14154,United Kingdom,True
14482,United Kingdom,True
14163,United Kingdom,True
14105,United Kingdom,True
17601,United Kingdom,True
17142,United Kingdom,True
13811,Germany,True
12457,Switzerland,True
15135,United Kingdom,True
16806,United Kingdom,True
13952,United Kingdom,True
13120,United Kingdom,True
12769,Brazil,True
13516,United Kingdom,True
14323,United Kingdom,True
18079,United Kingdom,True
12639,Sweden,True
14700,United Kingdom,True
15027,United Kingdom,True
17367,United Kingdom,True
18213,United Kingdom,True
17029,United Kingdom,True
13220,United Kingdom,True
15985,United Kingdom,True
16193,United Kingdom,True
15172,United Kingdom,True
13692,United Kingdom,True
15745,United Kingdom,True
17582,United Kingdom,True
13474,United Kingdom,True
17697,United Kingdom,True
16639,United Kingdom,True
16947,United Kingdom,True
15491,United Kingdom,True
16617,United Kingdom,True
15265,United Kingdom,True
16226,United Kingdom,True
18009,United Kingdom,True
16399,United Kingdom,True
14623,United Kingdom,True
15625,United Kingdom,True
18064,United Kingdom,True
15508,United Kingdom,True
16628,United Kingdom,True
13647,United Kingdom,True
15594,United Kingdom,True
13479,United Kingdom,True
13735,United Kingdom,True
13376,United Kingdom,True
15717,United Kingdom,True
13719,United Kingdom,True
16633,United Kingdom,True
13101,United Kingdom,True
15225,United Kingdom,True
14152,United Kingdom,True
12733,USA,True
15436,United Kingdom,True
17217,United Kingdom,True
17734,United Kingdom,True
14905,United Kingdom,True
14148,United Kingdom,True
16103,United Kingdom,True
14626,United Kingdom,True
14868,United Kingdom,True
18246,United Kingdom,True
13485,United Kingdom,True
15517,United Kingdom,True
17115,United Kingdom,True
17120,United Kingdom,True
16611,United Kingdom,True
15912,United Kingdom,True
12506,France,True
12670,France,True
17588,United Kingdom,True
14759,United Kingdom,True
16185,United Kingdom,True
13505,Switzerland,True
13389,United Kingdom,True
12354,Spain,True
17631,United Kingdom,True
17061,United Kingdom,True
17718,United Kingdom,True
17630,United Kingdom,True
13223,United Kingdom,True
16146,United Kingdom,True
17109,United Kingdom,True
16587,United Kingdom,True
12622,Germany,True
16750,United Kingdom,True
13482,United Kingdom,True
14512,United Kingdom,True
17670,United Kingdom,True
16834,United Kingdom,True
15108,European Community,True
12429,Austria,True
16942,United Kingdom,True
14640,United Kingdom,True
16823,United Kingdom,True
15237,United Kingdom,True
12573,France,True
17854,United Kingdom,True
18220,United Kingdom,True
17436,United Kingdom,True
16965,United Kingdom,True
12840,United Kingdom,True
15891,United Kingdom,True
17187,United Kingdom,True
13637,United Kingdom,True
17991,United Kingdom,True
16418,United Kingdom,True
16099,United Kingdom,True
15768,United Kingdom,True
16637,United Kingdom,True
14240,United Kingdom,True
15143,United Kingdom,True
13229,United Kingdom,True
14973,United Kingdom,True
14271,United Kingdom,True
15952,United Kingdom,True
12417,Spain,True
16227,United Kingdom,True
17893,United Kingdom,True
14022,United Kingdom,True
15210,United Kingdom,True
16370,United Kingdom,True
15376,United Kingdom,True
14655,United Kingdom,True
17615,United Kingdom,True
16055,United Kingdom,True
14149,United Kingdom,True
17501,United Kingdom,True
14191,United Kingdom,True
13282,United Kingdom,True
15582,United Kingdom,True
16230,United Kingdom,True
18146,United Kingdom,True
15976,United Kingdom,True
17443,Canada,True
12886,United Kingdom,True
17974,United Kingdom,True
13524,United Kingdom,True
17955,United Kingdom,True
15128,United Kingdom,True
16610,United Kingdom,True
17394,United Kingdom,True
14173,United Kingdom,True
16258,United Kingdom,True
14948,United Kingdom,True
17384,United Kingdom,True
16990,United Kingdom,True
13762,United Kingdom,True
12593,France,True
14340,United Kingdom,True
17429,United Kingdom,True
13711,United Kingdom,True
14515,United Kingdom,True
16457,United Kingdom,True
17527,United Kingdom,True
14199,United Kingdom,True
13888,United Kingdom,True
14423,United Kingdom,True
14697,United Kingdom,True
17522,United Kingdom,True
13867,United Kingdom,True
17624,United Kingdom,True
14393,United Kingdom,True
17578,United Kingdom,True
13450,United Kingdom,True
17423,United Kingdom,True
18241,United Kingdom,True
15668,United Kingdom,True
16319,United Kingdom,True
15757,United Kingdom,True
17174,United Kingdom,True
13365,United Kingdom,True
18227,United Kingdom,True
14145,United Kingdom,True
18235,United Kingdom,True
13741,United Kingdom,True
12394,Belgium,True
16832,United Kingdom,True
15258,United Kingdom,True
15552,United Kingdom,True
18170,United Kingdom,True
13723,United Kingdom,True
14005,United Kingdom,True
15561,United Kingdom,True
16121,United Kingdom,True
18142,United Kingdom,True
13642,United Kingdom,True
15117,United Kingdom,True
13561,United Kingdom,True
15704,United Kingdom,True
16007,United Kingdom,True
16232,United Kingdom,True
17410,United Kingdom,True
13835,United Kingdom,True
13427,United Kingdom,True
14353,United Kingdom,True
12700,France,True
13003,United Kingdom,True
16756,United Kingdom,True
13492,Switzerland,True
16440,United Kingdom,True
18120,United Kingdom,True
12355,Bahrain,True
17723,United Kingdom,True
14699,United Kingdom,True
12821,United Kingdom,True
13055,United Kingdom,True
13320,United Kingdom,True
16357,United Kingdom,True
18242,United Kingdom,True
15865,United Kingdom,True
17597,United Kingdom,True
14397,United Kingdom,True
13242,United Kingdom,True
12684,France,True
14288,United Kingdom,True
15063,United Kingdom,True
12592,Germany,True
14591,United Kingdom,True
13990,United Kingdom,True
12749,United Kingdom,True
16320,Unspecified,True
14691,United Kingdom,True
16229,United Kingdom,True
14920,United Kingdom,True
17489,United Kingdom,True
13404,United Kingdom,True
15729,United Kingdom,True
16644,United Kingdom,True
14731,United Kingdom,True
14277,France,True
15187,United Kingdom,True
13052,United Kingdom,True
18133,United Kingdom,True
17664,United Kingdom,True
14649,United Kingdom,True
13235,United Kingdom,True
14883,United Kingdom,True
12976,United Kingdom,True
14681,United Kingdom,True
14421,United Kingdom,True
16116,United Kingdom,True
14988,United Kingdom,True
15489,United Kingdom,True
14364,United Kingdom,True
16006,United Kingdom,True
16184,United Kingdom,True
17932,United Kingdom,True
18221,United Kingdom,True
12590,Germany,True
14853,United Kingdom,True
17658,United Kingdom,True
17764,United Kingdom,True
14651,United Kingdom,True
14000,United Kingdom,True
13601,United Kingdom,True
12757,Portugal,True
17970,United Kingdom,True
12770,Japan,True
15826,United Kingdom,True
15907,United Kingdom,True
12695,France,True
14342,United Kingdom,True
14873,United Kingdom,True
14689,United Kingdom,True
15440,United Kingdom,True
16076,United Kingdom,True
15333,United Kingdom,True
16283,United Kingdom,True
17263,United Kingdom,True
16877,United Kingdom,True
12674,France,True
16642,United Kingdom,True
12871,United Kingdom,True
14038,United Kingdom,True
14489,United Kingdom,True
14888,United Kingdom,True
17190,United Kingdom,True
13456,United Kingdom,True
17898,United Kingdom,True
13976,United Kingdom,True
16139,United Kingdom,True
15730,United Kingdom,True
16266,United Kingdom,True
15123,United Kingdom,True
17505,United Kingdom,True
12690,France,True
16446,United Kingdom,True
17556,United Kingdom,True
14583,United Kingdom,True
16818,United Kingdom,True
13572,United Kingdom,True
14009,United Kingdom,True
13258,United Kingdom,True
14463,United Kingdom,True
13192,United Kingdom,True
16987,United Kingdom,True
13417,United Kingdom,True
17047,United Kingdom,True
15116,United Kingdom,True
17469,United Kingdom,True
16647,United Kingdom,True
15630,United Kingdom,True
17245,United Kingdom,True
16008,United Kingdom,True
17871,United Kingdom,True
13529,United Kingdom,True
12620,France,True
15599,United Kingdom,True
16813,United Kingdom,True
0,Unknown,False
14859,United Kingdom,True
16463,United Kingdom,True
15791,United Kingdom,True
13658,United Kingdom,True
13887,United Kingdom,True
12353,Bahrain,True
14551,United Kingdom,True
17166,United Kingdom,True
17926,United Kingdom,True
13391,United Kingdom,True
17455,United Kingdom,True
13308,United Kingdom,True
13856,United Kingdom,True
13243,United Kingdom,True
15095,United Kingdom,True
18048,United Kingdom,True
18287,United Kingdom,True
18150,United Kingdom,True
16690,United Kingdom,True
13555,United Kingdom,True
16038,United Kingdom,True
13972,United Kingdom,True
13227,United Kingdom,True
13657,United Kingdom,True
17176,United Kingdom,True
14837,United Kingdom,True
14682,United Kingdom,True
14921,United Kingdom,True
16341,United Kingdom,True
14647,United Kingdom,True
12710,Germany,True
15292,United Kingdom,True
15705,United Kingdom,True
13339,United Kingdom,True
13885,United Kingdom,True
12360,Austria,True
13546,United Kingdom,True
17715,United Kingdom,True
18160,United Kingdom,True
15434,United Kingdom,True
15734,United Kingdom,True
13737,United Kingdom,True
13213,United Kingdom,True
18018,United Kingdom,True
15314,United Kingdom,True
17521,United Kingdom,True
15042,United Kingdom,True
12863,United Kingdom,True
16091,United Kingdom,True
15804,United Kingdom,True
14593,United Kingdom,True
14287,United Kingdom,True
16763,United Kingdom,True
14705,United Kingdom,True
12562,France,True
12815,Poland,True
14522,United Kingdom,True
16448,United Kingdom,True
14584,United Kingdom,True
12974,United Kingdom,True
12987,United Kingdom,True
14816,United Kingdom,True
15852,United Kingdom,True
16624,United Kingdom,True
12493,France,True
18232,United Kingdom,True
18073,United Kingdom,True
16369,United Kingdom,True
14280,United Kingdom,True
13135,United Kingdom,True
17345,United Kingdom,True
16275,United Kingdom,True
14338,United Kingdom,True
15402,United Kingdom,True
12876,Belgium,True
16323,United Kingdom,True
12426,Germany,True
14451,United Kingdom,True
14823,United Kingdom,True
15897,United Kingdom,True
17051,United Kingdom,True
15925,United Kingdom,True
12787,Netherlands,True
15863,United Kingdom,True
16483,United Kingdom,True
13398,United Kingdom,True
13070,United Kingdom,True
14819,United Kingdom,True
12790,Netherlands,True
15163,United Kingdom,True
18204,United Kingdom,True
15124,United Kingdom,True
12473,Germany,True
16969,United Kingdom,True
14597,United Kingdom,True
13917,United Kingdom,True
13062,United Kingdom,True
16484,United Kingdom,True
15184,United Kingdom,True
18135,United Kingdom,True
14453,United Kingdom,True
17900,United Kingdom,True
13437,United Kingdom,True
12517,Germany,True
16529,United Kingdom,True
17531,United Kingdom,True
16239,United Kingdom,True
14500,United Kingdom,True
12455,Spain,True
16117,United Kingdom,True
13248,United Kingdom,True
16967,United Kingdom,True
15405,United Kingdom,True
16659,United Kingdom,True
16880,United Kingdom,True
13435,United Kingdom,True
13131,United Kingdom,True
14891,United Kingdom,True
16682,United Kingdom,True
15453,United Kingdom,True
16963,United Kingdom,True
13682,United Kingdom,True
15152,United Kingdom,True
15462,United Kingdom,True
12449,Belgium,True
15349,United Kingdom,True
16849,United Kingdom,True
12802,Netherlands,True
15073,United Kingdom,True
16298,United Kingdom,True
12535,France,True
18248,United Kingdom,True
15386,United Kingdom,True
17252,United Kingdom,True
14542,United Kingdom,True
16825,United Kingdom,True
12380,Belgium,True
18072,United Kingdom,True
13643,United Kingdom,True
15969,United Kingdom,True
13283,United Kingdom,True
17015,United Kingdom,True
14375,United Kingdom,True
17124,United Kingdom,True
17987,United Kingdom,True
13395,United Kingdom,True
17828,Malta,True
15743,United Kingdom,True
17414,United Kingdom,True
14622,United Kingdom,True
15609,United Kingdom,True
14561,United Kingdom,True
16872,United Kingdom,True
16358,United Kingdom,True
15238,United Kingdom,True
13466,United Kingdom,True
17360,United Kingdom,True
13510,United Kingdom,True
12406,Denmark,True
14241,United Kingdom,True
14132,United Kingdom,True
14963,United Kingdom,True
17169,United Kingdom,True
15252,United Kingdom,True
17731,United Kingdom,True
16113,United Kingdom,True
12694,France,True
16107,United Kingdom,True
17483,United Kingdom,True
15679,United Kingdom,True
13686,United Kingdom,True
16581,United Kingdom,True
15267,United Kingdom,True
17234,United Kingdom,True
17797,United Kingdom,True
16614,United Kingdom,True
12409,Switzerland,True
15411,United Kingdom,True
14178,United Kingdom,True
15098,United Kingdom,True
18281,United Kingdom,True
14984,United Kingdom,True
12516,Germany,True
17265,United Kingdom,True
13617,United Kingdom,True
17242,United Kingdom,True
17289,United Kingdom,True
16018,United Kingdom,True
14704,United Kingdom,True
16794,United Kingdom,True
13761,United Kingdom,True
13517,United Kingdom,True
13936,United Kingdom,True
16342,United Kingdom,True
14177,United Kingdom,True
12732,France,True
16205,United Kingdom,True
15036,United Kingdom,True
13589,United Kingdom,True
17579,United Kingdom,True
15069,United Kingdom,True
17349,United Kingdom,True
13080,United Kingdom,True
13663,United Kingdom,True
14503,United Kingdom,True
16774,United Kingdom,True
13384,United Kingdom,True
17101,United Kingdom,True
14997,United Kingdom,True
17155,United Kingdom,True
12809,Portugal,True
16461,United Kingdom,True
13343,United Kingdom,True
12624,France,True
18165,United Kingdom,True
17536,United Kingdom,True
0,Unknown,False
16324,United Kingdom,True
17651,United Kingdom,True
14222,United Kingdom,True
15585,United Kingdom,True
17490,United Kingdom,True
16739,United Kingdom,True
16276,United Kingdom,True
17193,United Kingdom,True
16257,United Kingdom,True
14285,United Kingdom,True
17642,United Kingdom,True
12816,Poland,True
13826,United Kingdom,True
13575,United Kingdom,True
17157,United Kingdom,True
16852,United Kingdom,True
15219,United Kingdom,True
15014,United Kingdom,True
14765,United Kingdom,True
16869,United Kingdom,True
15909,United Kingdom,True
13618,United Kingdom,True
16050,United Kingdom,True
17879,United Kingdom,True
17562,United Kingdom,True
15334,United Kingdom,True
12450,Spain,True
13568,United Kingdom,True
14820,United Kingdom,True
16744,United Kingdom,True
15700,United Kingdom,True
17299,United Kingdom,True
12837,United Kingdom,True
15076,United Kingdom,True
17444,Canada,True
15921,United Kingdom,True
15747,United Kingdom,True
15840,United Kingdom,True
15016,United Kingdom,True
14808,United Kingdom,True
12904,United Kingdom,True
15825,United Kingdom,True
12432,Norway,True
15389,United Kingdom,True
15280,United Kingdom,True
17159,United Kingdom,True
12830,United Kingdom,True
15507,United Kingdom,True
18252,United Kingdom,True
16526,United Kingdom,True
17695,United Kingdom,True
12930,United Kingdom,True
14960,United Kingdom,True
12444,Norway,True
17960,United Kingdom,True
15412,United Kingdom,True
13763,United Kingdom,True
12798,Japan,True
13849,United Kingdom,True
16114,United Kingdom,True
13420,United Kingdom,True
13780,United Kingdom,True
17877,United Kingdom,True
16247,United Kingdom,True
15041,United Kingdom,True
12379,Belgium,True
16287,United Kingdom,True
12919,United Kingdom,True
15130,United Kingdom,True
12704,Finland,True
17370,United Kingdom,True
17709,United Kingdom,True
15253,United Kingdom,True
13300,United Kingdom,True
17759,United Kingdom,True
12465,Belgium,True
12412,Denmark,True
12697,Sweden,True
13937,United Kingdom,True
12422,Switzerland,True
12615,France,True
15850,United Kingdom,True
15186,United Kingdom,True
13791,United Kingdom,True
14795,United Kingdom,True
17768,United Kingdom,True
18112,United Kingdom,True
12548,Spain,True
17386,United Kingdom,True
14104,United Kingdom,True
17110,United Kingdom,True
13895,United Kingdom,True
16545,United Kingdom,True
16671,United Kingdom,True
14351,United Kingdom,True
17391,United Kingdom,True
16824,United Kingdom,True
17750,United Kingdom,True
16200,United Kingdom,True
17997,United Kingdom,True
14383,United Kingdom,True
13461,United Kingdom,True
17408,United Kingdom,True
15537,United Kingdom,True
14327,United Kingdom,True
17837,United Kingdom,True
12424,Australia,True
15578,United Kingdom,True
15584,United Kingdom,True
13745,United Kingdom,True
16498,United Kingdom,True
17891,United Kingdom,True
17123,United Kingdom,True
16866,United Kingdom,True
13730,United Kingdom,True
16589,United Kingdom,True
12922,United Kingdom,True
16009,United Kingdom,True
14053,United Kingdom,True
17939,United Kingdom,True
17312,United Kingdom,True
13833,United Kingdom,True
17899,United Kingdom,True
15007,United Kingdom,True
17464,United Kingdom,True
18265,United Kingdom,True
16344,United Kingdom,True
13338,United Kingdom,True
17024,United Kingdom,True
14034,United Kingdom,True
18203,United Kingdom,True
16616,United Kingdom,True
16338,United Kingdom,True
17046,United Kingdom,True
13109,United Kingdom,True
16829,United Kingdom,True
13217,United Kingdom,True
14002,United Kingdom,True
12977,United Kingdom,True
13291,United Kingdom,True
13583,United Kingdom,True
16929,United Kingdom,True
17892,United Kingdom,True
15505,United Kingdom,True
14459,United Kingdom,True
18013,United Kingdom,True
13681,United Kingdom,True
13699,United Kingdom,True
14493,United Kingdom,True
13486,United Kingdom,True
13302,United Kingdom,True
16012,United Kingdom,True
12635,Germany,True
17031,United Kingdom,True
12461,Switzerland,True
12648,Germany,True
18121,United Kingdom,True
15901,United Kingdom,True
14918,United Kingdom,True
15920,United Kingdom,True
17353,United Kingdom,True
18024,United Kingdom,True
15467,United Kingdom,True
16174,United Kingdom,True
13678,United Kingdom,True
14690,United Kingdom,True
13058,United Kingdom,True
14552,United Kingdom,True
12556,Spain,True
13224,United Kingdom,True
16989,United Kingdom,True
12358,Austria,True
13207,United Kingdom,True
18122,United Kingdom,True
12722,France,True
17405,United Kingdom,True
13311,United Kingdom,True
15051,United Kingdom,True
15895,United Kingdom,True
15795,United Kingdom,True
13669,United Kingdom,True
16450,United Kingdom,True
13667,United Kingdom,True
14400,United Kingdom,True
12405,Finland,True
14265,Unspecified,True
14847,United Kingdom,True
14862,United Kingdom,True
16488,United Kingdom,True
15256,United Kingdom,True
14716,United Kingdom,True
13933,United Kingdom,True
14857,United Kingdom,True
15306,United Kingdom,True
15839,United Kingdom,True
13994,United Kingdom,True
17554,United Kingdom,True
14332,United Kingdom,True
17266,United Kingdom,True
17948,United Kingdom,True
15004,United Kingdom,True
14722,United Kingdom,True
13507,United Kingdom,True
13967,United Kingdom,True
0,Unknown,False
16054,United Kingdom,True
12833,United Kingdom,True
16474,United Kingdom,True
17984,United Kingdom,True
12589,France,True
17448,United Kingdom,True
16762,United Kingdom,True
15369,United Kingdom,True
13154,United Kingdom,True
13940,United Kingdom,True
14029,United Kingdom,True
14117,United Kingdom,True
13167,United Kingdom,True
17779,United Kingdom,True
13991,United Kingdom,True
18101,United Kingdom,True
17065,United Kingdom,True
13827,United Kingdom,True
12560,Germany,True
16764,United Kingdom,True
18180,United Kingdom,True
12521,Germany,True
17866,United Kingdom,True
15802,United Kingdom,True
17229,United Kingdom,True
14456,United Kingdom,True
16464,United Kingdom,True
17962,United Kingdom,True
16149,United Kingdom,True
14259,United Kingdom,True
18143,United Kingdom,True
17935,United Kingdom,True
14517,United Kingdom,True
17694,United Kingdom,True
17660,United Kingdom,True
16041,United Kingdom,True
15623,United Kingdom,True
15829,United Kingdom,True
15232,United Kingdom,True
12438,Norway,True
12627,Germany,True
13079,United Kingdom,True
18262,United Kingdom,True
13563,United Kingdom,True
15506,United Kingdom,True
16305,United Kingdom,True
12864,United Kingdom,True
17724,United Kingdom,True
17703,United Kingdom,True
13116,United Kingdom,True
14019,United Kingdom,True
17649,United Kingdom,True
16178,United Kingdom,True
17040,United Kingdom,True
14100,United Kingdom,True
16557,United Kingdom,True
13296,United Kingdom,True
13814,Germany,True
16364,United Kingdom,True
17693,United Kingdom,True
15372,United Kingdom,True
15618,United Kingdom,True
13930,United Kingdom,True
13379,United Kingdom,True
13194,United Kingdom,True
16447,United Kingdom,True
14305,United Kingdom,True
12397,Belgium,True
14331,United Kingdom,True
15261,United Kingdom,True
15105,United Kingdom,True
13813,Germany,True
18268,United Kingdom,True
14855,United Kingdom,True
13925,United Kingdom,True
18237,United Kingdom,True
12453,Austria,True
15639,United Kingdom,True
15118,United Kingdom,True
15746,United Kingdom,True
12743,Unspecified,True
15942,United Kingdom,True
14143,United Kingdom,True
15120,United Kingdom,True
16147,United Kingdom,True
13277,United Kingdom,True
18127,United Kingdom,True
15149,United Kingdom,True
18081,United Kingdom,True
14511,United Kingdom,True
12716,France,True
15776,United Kingdom,True
12981,United Kingdom,True
13106,United Kingdom,True
13928,United Kingdom,True
14885,United Kingdom,True
13388,United Kingdom,True
15438,United Kingdom,True
17173,United Kingdom,True
17941,United Kingdom,True
14947,United Kingdom,True
17053,United Kingdom,True
12534,Germany,True
12844,United Kingdom,True
14567,United Kingdom,True
14937,Channel Islands,True
12828,United Kingdom,True
16984,United Kingdom,True
13023,United Kingdom,True
17553,United Kingdom,True
13075,United Kingdom,True
15342,United Kingdom,True
12644,Germany,True
12378,Switzerland,True
17788,United Kingdom,True
13850,United Kingdom,True
14076,United Kingdom,True
13805,United Kingdom,True
17887,United Kingdom,True
13186,United Kingdom,True
12750,Poland,True
15374,United Kingdom,True
17656,United Kingdom,True
16102,United Kingdom,True
15089,United Kingdom,True
14972,United Kingdom,True
17514,United Kingdom,True
12917,United Kingdom,True
12689,France,True
14768,United Kingdom,True
17584,United Kingdom,True
15254,United Kingdom,True
18099,United Kingdom,True
15205,United Kingdom,True
13218,United Kingdom,True
17267,United Kingdom,True
16302,United Kingdom,True
13513,United Kingdom,True
14720,United Kingdom,True
18282,United Kingdom,True
12610,Italy,True
13200,United Kingdom,True
14079,United Kingdom,True
17298,United Kingdom,True
14024,United Kingdom,True
16066,United Kingdom,True
15198,United Kingdom,True
12885,United Kingdom,True
17331,United Kingdom,True
13016,United Kingdom,True
13500,United Kingdom,True
15247,United Kingdom,True
13355,United Kingdom,True
16053,United Kingdom,True
13919,Denmark,True
12384,Switzerland,True
16292,United Kingdom,True
12571,France,True
14116,United Kingdom,True
14495,United Kingdom,True
15494,United Kingdom,True
15608,United Kingdom,True
17248,United Kingdom,True
17653,United Kingdom,True
13645,United Kingdom,True
15469,United Kingdom,True
13307,United Kingdom,True
12381,Norway,True
17122,United Kingdom,True
14406,United Kingdom,True
15683,United Kingdom,True
14301,United Kingdom,True
14658,United Kingdom,True
13621,United Kingdom,True
16272,United Kingdom,True
17958,United Kingdom,True
16836,United Kingdom,True
16961,United Kingdom,True
16902,United Kingdom,True
15706,United Kingdom,True
15480,Malta,True
15315,United Kingdom,True
15653,United Kingdom,True
13159,United Kingdom,True
13189,United Kingdom,True
17637,United Kingdom,True
12641,Sweden,True
13470,United Kingdom,True
15786,United Kingdom,True
15541,United Kingdom,True
16734,United Kingdom,True
16706,United Kingdom,True
17070,United Kingdom,True
12688,Israel,True
12729,France,True
12962,United Kingdom,True
13273,United Kingdom,True
17736,United Kingdom,True
15472,United Kingdom,True
12680,France,True
16582,United Kingdom,True
17747,United Kingdom,True
12513,France,True
15396,United Kingdom,True
12418,Switzerland,True
16828,United Kingdom,True
14712,United Kingdom,True
12991,United Kingdom,True
14772,United Kingdom,True
12364,Belgium,True
12968,United Kingdom,True
16330,United Kingdom,True
14566,Channel Islands,True
15701,United Kingdom,True
12518,Germany,True
14529,United Kingdom,True
16536,United Kingdom,True
15313,United Kingdom,True
15801,United Kingdom,True
16201,United Kingdom,True
16555,United Kingdom,True
16952,United Kingdom,True
14387,United Kingdom,True
17073,United Kingdom,True
18147,United Kingdom,True
14523,United Kingdom,True
14418,United Kingdom,True
12642,Germany,True
16968,United Kingdom,True
16723,United Kingdom,True
13411,United Kingdom,True
16340,United Kingdom,True
13236,United Kingdom,True
14196,United Kingdom,True
15263,United Kingdom,True
14314,United Kingdom,True
16093,United Kingdom,True
17844,Canada,True
14687,United Kingdom,True
14050,United Kingdom,True
16429,United Kingdom,True
14055,United Kingdom,True
12715,Sweden,True
15663,United Kingdom,True
18200,United Kingdom,True
18167,United Kingdom,True
13644,United Kingdom,True
17451,United Kingdom,True
16641,United Kingdom,True
13812,Germany,True
14141,United Kingdom,True
15074,United Kingdom,True
12492,Germany,True
17183,United Kingdom,True
15325,United Kingdom,True
13778,United Kingdom,True
14869,United Kingdom,True
14096,United Kingdom,True
14108,United Kingdom,True
12814,Poland,True
15866,United Kingdom,True
14660,United Kingdom,True
13726,United Kingdom,True
15690,United Kingdom,True
17777,United Kingdom,True
16278,United Kingdom,True
13276,United Kingdom,True
12436,Norway,True
13147,United Kingdom,True
13045,United Kingdom,True
13099,United Kingdom,True
12739,United Arab Emirates,True
14420,United Kingdom,True
14436,United Kingdom,True
18027,United Kingdom,True
12794,Portugal,True
12832,United Kingdom,True
16674,United Kingdom,True
12375,Finland,True
16173,United Kingdom,True
14171,United Kingdom,True
13434,United Kingdom,True
16761,United Kingdom,True
14067,United Kingdom,True
13808,United Kingdom,True
12851,United Kingdom,True
14335,Germany,True
14965,United Kingdom,True
15136,United Kingdom,True
16629,United Kingdom,True
18261,United Kingdom,True
15307,United Kingdom,True
16820,United Kingdom,True
17309,United Kingdom,True
13949,United Kingdom,True
14360,United Kingdom,True
16400,United Kingdom,True
14208,United Kingdom,True
12526,Germany,True
13130,United Kingdom,True
13210,United Kingdom,True
17481,United Kingdom,True
12685,France,True
17573,United Kingdom,True
14452,United Kingdom,True
13889,United Kingdom,True
15488,United Kingdom,True
18222,United Kingdom,True
13244,United Kingdom,True
17004,United Kingdom,True
13441,United Kingdom,True
13823,United Kingdom,True
12879,United Kingdom,True
16603,United Kingdom,True
14824,United Kingdom,True
16910,United Kingdom,True
15652,United Kingdom,True
16362,United Kingdom,True
15035,United Kingdom,True
14508,United Kingdom,True
13272,United Kingdom,True
17317,United Kingdom,True
14212,United Kingdom,True
13372,United Kingdom,True
18255,United Kingdom,True
14250,United Kingdom,True
16796,United Kingdom,True
14432,United Kingdom,True
15782,United Kingdom,True
12883,United Kingdom,True
12965,United Kingdom,True
15533,United Kingdom,True
18215,United Kingdom,True
18158,United Kingdom,True
13375,United Kingdom,True
13431,United Kingdom,True
16211,United Kingdom,True
12884,United Kingdom,True
16141,United Kingdom,True
17919,United Kingdom,True
16360,United Kingdom,True
17433,United Kingdom,True
13704,United Kingdom,True
14020,United Kingdom,True
14359,United Kingdom,True
16451,United Kingdom,True
12940,United Kingdom,True
15216,United Kingdom,True
15522,United Kingdom,True
17037,United Kingdom,True
12822,United Kingdom,True
15343,United Kingdom,True
14753,United Kingdom,True
16959,United Kingdom,True
18251,United Kingdom,True
13032,United Kingdom,True
12895,United Kingdom,True
17640,United Kingdom,True
13860,United Kingdom,True
12756,Japan,True
18001,United Kingdom,True
17728,United Kingdom,True
15933,United Kingdom,True
14284,United Kingdom,True
17347,United Kingdom,True
15103,United Kingdom,True
15707,United Kingdom,True
13430,United Kingdom,True
12566,Germany,True
13321,United Kingdom,True
13877,United Kingdom,True
15272,United Kingdom,True
15322,United Kingdom,True
17333,United Kingdom,True
13518,United Kingdom,True
14306,United Kingdom,True
17679,United Kingdom,True
16160,United Kingdom,True
15573,United Kingdom,True
14894,United Kingdom,True
17434,United Kingdom,True
15466,United Kingdom,True
15511,United Kingdom,True
17846,United Kingdom,True
16189,United Kingdom,True
15417,United Kingdom,True
12995,United Kingdom,True
14557,United Kingdom,True
16108,United Kingdom,True
17144,United Kingdom,True
16924,United Kingdom,True
15099,United Kingdom,True
13323,United Kingdom,True
14124,United Kingdom,True
15975,United Kingdom,True
15523,United Kingdom,True
16878,United Kingdom,True
15947,United Kingdom,True
13247,United Kingdom,True
13566,United Kingdom,True
18194,United Kingdom,True
16689,United Kingdom,True
16438,United Kingdom,True
13067,United Kingdom,True
12457,Cyprus,True
16460,United Kingdom,True
13325,United Kingdom,True
12640,France,True
13774,United Kingdom,True
12497,Germany,True
12752,Norway,True
15504,United Kingdom,True
15500,United Kingdom,True
17557,United Kingdom,True
13228,United Kingdom,True
14356,United Kingdom,True
13416,United Kingdom,True
17628,United Kingdom,True
16527,United Kingdom,True
16428,United Kingdom,True
15341,United Kingdom,True
16215,United Kingdom,True
14164,United Kingdom,True
15888,United Kingdom,True
17564,United Kingdom,True
13356,United Kingdom,True
12390,Belgium,True
18228,United Kingdom,True
17415,United Kingdom,True
13350,United Kingdom,True
12550,Spain,True
16627,United Kingdom,True
17475,United Kingdom,True
14951,United Kingdom,True
14780,United Kingdom,True
14887,United Kingdom,True
15399,United Kingdom,True
17466,United Kingdom,True
16379,United Kingdom,True
17172,United Kingdom,True
15239,United Kingdom,True
16213,United Kingdom,True
15603,United Kingdom,True
14261,United Kingdom,True
12657,France,True
15571,United Kingdom,True
15484,United Kingdom,True
12936,United Kingdom,True
16236,United Kingdom,True
16669,United Kingdom,True
15398,United Kingdom,True
12906,United Kingdom,True
17079,United Kingdom,True
14125,United Kingdom,True
17163,United Kingdom,True
12952,United Kingdom,True
12579,France,True
13279,United Kingdom,True
12425,Portugal,True
16715,United Kingdom,True
13519,United Kingdom,True
12546,Spain,True
15744,United Kingdom,True
13127,United Kingdom,True
15714,United Kingdom,True
17480,United Kingdom,True
15763,United Kingdom,True
15075,United Kingdom,True
16978,United Kingdom,True
14014,United Kingdom,True
16240,United Kingdom,True
13336,United Kingdom,True
14652,United Kingdom,True
15807,United Kingdom,True
15762,United Kingdom,True
15475,United Kingdom,True
15978,United Kingdom,True
16485,United Kingdom,True
12488,France,True
13083,United Kingdom,True
16169,United Kingdom,True
17506,United Kingdom,True
16480,United Kingdom,True
17006,United Kingdom,True
17498,United Kingdom,True
17131,United Kingdom,True
13536,United Kingdom,True
15429,United Kingdom,True
17154,United Kingdom,True
16594,United Kingdom,True
16049,United Kingdom,True
14757,United Kingdom,True
16198,United Kingdom,True
13670,United Kingdom,True
18066,United Kingdom,True
14806,United Kingdom,True
12783,Portugal,True
13429,United Kingdom,True
15154,United Kingdom,True
13390,United Kingdom,True
12925,United Kingdom,True
13927,United Kingdom,True
18205,United Kingdom,True
14908,United Kingdom,True
13639,United Kingdom,True
15958,United Kingdom,True
15492,United Kingdom,True
15243,United Kingdom,True
16468,United Kingdom,True
15344,United Kingdom,True
13866,United Kingdom,True
12612,Germany,True
16999,United Kingdom,True
13514,United Kingdom,True
13314,United Kingdom,True
17805,United Kingdom,True
18278,United Kingdom,True
13979,United Kingdom,True
16181,United Kingdom,True
15568,United Kingdom,True
16354,United Kingdom,True
14412,United Kingdom,True
16119,United Kingdom,True
14109,United Kingdom,True
16157,United Kingdom,True
15348,United Kingdom,True
16281,United Kingdom,True
13924,United Kingdom,True
14434,United Kingdom,True
13061,United Kingdom,True
17513,United Kingdom,True
16909,United Kingdom,True
16650,United Kingdom,True
18192,United Kingdom,True
17447,United Kingdom,True
17427,United Kingdom,True
15175,United Kingdom,True
13960,United Kingdom,True
17528,United Kingdom,True
16361,United Kingdom,True
13886,United Kingdom,True
13354,United Kingdom,True
15050,United Kingdom,True
13503,United Kingdom,True
16653,United Kingdom,True
16574,United Kingdom,True
13759,United Kingdom,True
17813,United Kingdom,True
12718,France,True
15949,United Kingdom,True
12703,Germany,True
13364,United Kingdom,True
16268,United Kingdom,True
18053,United Kingdom,True
16101,United Kingdom,True
15565,United Kingdom,True
18217,United Kingdom,True
13954,United Kingdom,True
15593,United Kingdom,True
13095,United Kingdom,True
15287,United Kingdom,True
13347,United Kingdom,True
15185,United Kingdom,True
16404,United Kingdom,True
16613,United Kingdom,True
16591,United Kingdom,True
15774,United Kingdom,True
13558,United Kingdom,True
16930,United Kingdom,True
16533,United Kingdom,True
18059,United Kingdom,True
14488,United Kingdom,True
16747,United Kingdom,True
14333,United Kingdom,True
13635,United Kingdom,True
17330,United Kingdom,True
17321,United Kingdom,True
14815,United Kingdom,True
15091,United Kingdom,True
15088,United Kingdom,True
15930,United Kingdom,True
16183,United Kingdom,True
13297,United Kingdom,True
13801,United Kingdom,True
16881,United Kingdom,True
17014,United Kingdom,True
15255,United Kingdom,True
14184,United Kingdom,True
13351,United Kingdom,True
15739,United Kingdom,True
12512,Israel,True
17957,United Kingdom,True
15276,United Kingdom,True
15127,United Kingdom,True
16106,United Kingdom,True
17666,United Kingdom,True
13483,United Kingdom,True
16478,United Kingdom,True
17382,United Kingdom,True
12789,Netherlands,True
16020,United Kingdom,True
17222,United Kingdom,True
16803,United Kingdom,True
13947,United Kingdom,True
16758,United Kingdom,True
12719,France,True
17647,United Kingdom,True
14054,United Kingdom,True
12723,France,True
18033,United Kingdom,True
13845,United Kingdom,True
15837,United Kingdom,True
12628,Germany,True
13177,United Kingdom,True
14317,United Kingdom,True
16295,United Kingdom,True
13602,United Kingdom,True
16895,United Kingdom,True
17295,United Kingdom,True
13504,United Kingdom,True
13422,United Kingdom,True
15264,United Kingdom,True
16432,United Kingdom,True
13816,Germany,True
14518,United Kingdom,True
13882,United Kingdom,True
15937,United Kingdom,True
12923,United Kingdom,True
17453,United Kingdom,True
15766,United Kingdom,True
15300,United Kingdom,True
13348,United Kingdom,True
14592,United Kingdom,True
14792,United Kingdom,True
12394,Denmark,True
17030,United Kingdom,True
12420,Cyprus,True
14427,United Kingdom,True
12519,Germany,True
13359,United Kingdom,True
14138,United Kingdom,True
15297,United Kingdom,True
13876,United Kingdom,True
12740,France,True
17086,United Kingdom,True
13806,United Kingdom,True
18096,United Kingdom,True
13587,United Kingdom,True
12856,United Kingdom,True
13419,United Kingdom,True
17509,United Kingdom,True
16900,United Kingdom,True
13689,United Kingdom,True
13755,United Kingdom,True
16104,United Kingdom,True
13259,United Kingdom,True
16248,United Kingdom,True
15612,United Kingdom,True
15787,United Kingdom,True
16595,United Kingdom,True
13260,United Kingdom,True
15821,United Kingdom,True
18088,United Kingdom,True
16685,United Kingdom,True
13193,United Kingdom,True
13212,United Kingdom,True
14801,United Kingdom,True
16380,United Kingdom,True
16921,United Kingdom,True
15193,United Kingdom,True
14027,United Kingdom,True
16179,United Kingdom,True
15473,United Kingdom,True
17425,United Kingdom,True
18169,United Kingdom,True
18126,United Kingdom,True
16688,United Kingdom,True
16982,United Kingdom,True
15330,United Kingdom,True
17186,United Kingdom,True
13685,United Kingdom,True
16776,United Kingdom,True
13980,United Kingdom,True
13352,United Kingdom,True
15553,United Kingdom,True
15886,United Kingdom,True
17203,United Kingdom,True
12607,USA,True
17459,United Kingdom,True
12772,Portugal,True
16561,United Kingdom,True
14121,United Kingdom,True
12371,Switzerland,True
17119,United Kingdom,True
17620,United Kingdom,True
12824,United Kingdom,True
14710,United Kingdom,True
16120,United Kingdom,True
14624,United Kingdom,True
16171,United Kingdom,True
12536,France,True
13690,United Kingdom,True
17934,United Kingdom,True
14642,United Kingdom,True
12602,France,True
16753,United Kingdom,True
17737,United Kingdom,True
13464,United Kingdom,True
12667,Finland,True
12498,Germany,True
14537,United Kingdom,True
17279,United Kingdom,True
14251,United Kingdom,True
12446,RSA,True
12631,Finland,True
14234,United Kingdom,True
14975,United Kingdom,True
13853,United Kingdom,True
16773,United Kingdom,True
16430,United Kingdom,True
16793,United Kingdom,True
18130,United Kingdom,True
17614,United Kingdom,True
13858,United Kingdom,True
14856,United Kingdom,True
14089,United Kingdom,True
15478,United Kingdom,True
16413,United Kingdom,True
13810,Germany,True
16416,United Kingdom,True
13006,United Kingdom,True
17986,United Kingdom,True
12454,Spain,True
14910,United Kingdom,True
16243,United Kingdom,True
13878,United Kingdom,True
16934,United Kingdom,True
15994,United Kingdom,True
14547,United Kingdom,True
16052,United Kingdom,True
15113,United Kingdom,True
12475,Germany,True
16542,United Kingdom,True
18042,United Kingdom,True
16563,United Kingdom,True
17201,United Kingdom,True
17520,United Kingdom,True
13923,United Kingdom,True
16412,United Kingdom,True
17205,United Kingdom,True
17534,United Kingdom,True
15335,United Kingdom,True
16737,United Kingdom,True
15066,United Kingdom,True
17206,United Kingdom,True
17785,United Kingdom,True
16932,United Kingdom,True
16363,United Kingdom,True
14830,United Kingdom,True
17244,United Kingdom,True
15355,United Kingdom,True
15598,United Kingdom,True
15637,United Kingdom,True
16848,United Kingdom,True
15678,United Kingdom,True
14015,United Kingdom,True
13594,United Kingdom,True
15327,United Kingdom,True
14861,United Kingdom,True
14554,United Kingdom,True
12611,Italy,True
14179,United Kingdom,True
15604,United Kingdom,True
14381,United Kingdom,True
12572,Germany,True
16123,United Kingdom,True
16851,United Kingdom,True
17148,United Kingdom,True
17549,United Kingdom,True
17973,United Kingdom,True
15610,United Kingdom,True
15853,United Kingdom,True
18019,United Kingdom,True
14698,United Kingdom,True
16826,United Kingdom,True
17824,United Kingdom,True
12522,Germany,True
15803,United Kingdom,True
15006,United Kingdom,True
17350,United Kingdom,True
14799,United Kingdom,True
15814,United Kingdom,True
16260,United Kingdom,True
14638,United Kingdom,True
17354,United Kingdom,True
13245,United Kingdom,True
14923,United Kingdom,True
16177,United Kingdom,True
13366,United Kingdom,True
16284,United Kingdom,True
16846,United Kingdom,True
14484,United Kingdom,True
13897,United Kingdom,True
14585,United Kingdom,True
17125,United Kingdom,True
15836,United Kingdom,True
16313,United Kingdom,True
13460,United Kingdom,True
12403,Denmark,True
14967,United Kingdom,True
15286,United Kingdom,True
17832,United Kingdom,True
12646,USA,True
16015,United Kingdom,True
16311,United Kingdom,True
15728,United Kingdom,True
15740,United Kingdom,True
13974,United Kingdom,True
15677,United Kingdom,True
15000,United Kingdom,True
16017,United Kingdom,True
13471,United Kingdom,True
13598,United Kingdom,True
18005,United Kingdom,True
15427,United Kingdom,True
15022,United Kingdom,True
17111,United Kingdom,True
17836,United Kingdom,True
14629,United Kingdom,True
15592,United Kingdom,True
15277,United Kingdom,True
16491,United Kingdom,True
15516,United Kingdom,True
14764,United Kingdom,True
16742,United Kingdom,True
15142,United Kingdom,True
17344,United Kingdom,True
18240,United Kingdom,True
17081,United Kingdom,True
14474,United Kingdom,True
14139,United Kingdom,True
15844,United Kingdom,True
13176,United Kingdom,True
12398,Switzerland,True
15345,United Kingdom,True
16708,United Kingdom,True
15963,United Kingdom,True
18045,United Kingdom,True
13182,United Kingdom,True
0,Unknown,False
15158,United Kingdom,True
13028,United Kingdom,True
13978,United Kingdom,True
16056,United Kingdom,True
12812,Japan,True
16071,United Kingdom,True
14539,United Kingdom,True
14550,United Kingdom,True
17712,United Kingdom,True
14102,United Kingdom,True
14598,United Kingdom,True
15320,United Kingdom,True
16415,United Kingdom,True
12448,Spain,True
12827,United Kingdom,True
16345,United Kingdom,True
15993,United Kingdom,True
17895,United Kingdom,True
15948,United Kingdom,True
15659,United Kingdom,True
18154,United Kingdom,True
12630,Finland,True
13363,United Kingdom,True
18276,United Kingdom,True
17684,United Kingdom,True
17878,United Kingdom,True
14752,United Kingdom,True
16847,United Kingdom,True
14971,United Kingdom,True
17545,United Kingdom,True
16026,United Kingdom,True
16513,United Kingdom,True
12430,Norway,True
14357,United Kingdom,True
16855,United Kingdom,True
16680,United Kingdom,True
18035,United Kingdom,True
16648,United Kingdom,True
16164,United Kingdom,True
14218,United Kingdom,True
15096,United Kingdom,True
18030,United Kingdom,True
14416,United Kingdom,True
17839,United Kingdom,True
16601,United Kingdom,True
12912,United Kingdom,True
13278,United Kingdom,True
14582,United Kingdom,True
15748,United Kingdom,True
16079,United Kingdom,True
17590,United Kingdom,True
15054,United Kingdom,True
14158,United Kingdom,True
15385,United Kingdom,True
16506,United Kingdom,True
13822,United Kingdom,True
18067,United Kingdom,True
16190,United Kingdom,True
15444,United Kingdom,True
13607,United Kingdom,True
12581,Germany,True
15360,United Kingdom,True
13103,United Kingdom,True
15667,United Kingdom,True
13651,United Kingdom,True
12552,Italy,True
16127,United Kingdom,True
12588,Finland,True
15977,United Kingdom,True
13697,United Kingdom,True
14345,United Kingdom,True
17503,United Kingdom,True
16830,United Kingdom,True
17495,United Kingdom,True
12491,France,True
14485,United Kingdom,True
13868,United Kingdom,True
15423,United Kingdom,True
17668,United Kingdom,True
16971,United Kingdom,True
16352,United Kingdom,True
16884,United Kingdom,True
15830,United Kingdom,True
14216,United Kingdom,True
15275,United Kingdom,True
16790,United Kingdom,True
15576,United Kingdom,True
18105,United Kingdom,True
18164,United Kingdom,True
14974,United Kingdom,True
17947,United Kingdom,True
13318,United Kingdom,True
18104,United Kingdom,True
13271,United Kingdom,True
17595,United Kingdom,True
14528,United Kingdom,True
17432,United Kingdom,True
16337,United Kingdom,True
14098,United Kingdom,True
15551,United Kingdom,True
16347,United Kingdom,True
13721,United Kingdom,True
16322,United Kingdom,True
17403,United Kingdom,True
16914,United Kingdom,True
16602,United Kingdom,True
12544,Spain,True
13914,United Kingdom,True
13467,United Kingdom,True
17221,United Kingdom,True
17078,United Kingdom,True
13447,United Kingdom,True
15010,United Kingdom,True
18022,United Kingdom,True
16318,United Kingdom,True
17274,United Kingdom,True
15597,United Kingdom,True
17233,United Kingdom,True
16887,United Kingdom,True
13938,United Kingdom,True
17084,United Kingdom,True
14882,United Kingdom,True
15017,United Kingdom,True
12882,United Kingdom,True
17387,United Kingdom,True
13727,United Kingdom,True
13532,United Kingdom,True
16445,United Kingdom,True
15156,United Kingdom,True
16372,United Kingdom,True
17608,United Kingdom,True
12638,Sweden,True
14174,United Kingdom,True
14039,United Kingdom,True
13040,United Kingdom,True
15883,United Kingdom,True
14664,United Kingdom,True
15526,United Kingdom,True
17831,United Kingdom,True
15025,United Kingdom,True
12357,Switzerland,True
17761,United Kingdom,True
15870,United Kingdom,True
14080,United Kingdom,True
17623,United Kingdom,True
13673,United Kingdom,True
14073,United Kingdom,True
16070,United Kingdom,True
13066,United Kingdom,True
14929,United Kingdom,True
13710,United Kingdom,True
16732,United Kingdom,True
14140,United Kingdom,True
17219,United Kingdom,True
16505,United Kingdom,True
15957,United Kingdom,True
18123,United Kingdom,True
15043,United Kingdom,True
17313,United Kingdom,True
18216,United Kingdom,True
17022,United Kingdom,True
15153,United Kingdom,True
16759,United Kingdom,True
16751,United Kingdom,True
12893,United Kingdom,True
14836,United Kingdom,True
17011,United Kingdom,True
12532,France,True
17038,United Kingdom,True
14968,United Kingdom,True
12504,Germany,True
16516,United Kingdom,True
13522,United Kingdom,True
15986,United Kingdom,True
13992,United Kingdom,True
14354,United Kingdom,True
16986,United Kingdom,True
16953,United Kingdom,True
18274,United Kingdom,True
15450,United Kingdom,True
15531,United Kingdom,True
17500,United Kingdom,True
17197,United Kingdom,True
16025,United Kingdom,True
12659,France,True
17461,United Kingdom,True
17791,United Kingdom,True
15463,United Kingdom,True
17977,United Kingdom,True
12617,France,True
14863,United Kingdom,True
16903,United Kingdom,True
12508,France,True
17502,United Kingdom,True
12538,Spain,True
17901,United Kingdom,True
14789,United Kingdom,True
18209,United Kingdom,True
12985,United Kingdom,True
15557,United Kingdom,True
16433,United Kingdom,True
15692,United Kingdom,True
17052,United Kingdom,True
16368,United Kingdom,True
18014,United Kingdom,True
13732,United Kingdom,True
13091,United Kingdom,True
14661,United Kingdom,True
13170,United Kingdom,True
15654,United Kingdom,True
13146,United Kingdom,True
14788,United Kingdom,True
13603,United Kingdom,True
14382,United Kingdom,True
16720,United Kingdom,True
14904,United Kingdom,True
14494,United Kingdom,True
14902,United Kingdom,True
16936,United Kingdom,True
12938,United Kingdom,True
15168,United Kingdom,True
17538,United Kingdom,True
18082,United Kingdom,True
18117,United Kingdom,True
15458,United Kingdom,True
17566,United Kingdom,True
16207,United Kingdom,True
12762,Portugal,True
17793,United Kingdom,True
14953,United Kingdom,True
16504,United Kingdom,True
12374,Austria,True
15009,United Kingdom,True
16423,United Kingdom,True
15419,United Kingdom,True
17510,United Kingdom,True
15758,United Kingdom,True
15524,United Kingdom,True
14725,United Kingdom,True
14666,United Kingdom,True
14714,United Kingdom,True
17153,United Kingdom,True
12950,United Kingdom,True
15720,United Kingdom,True
18181,United Kingdom,True
15556,United Kingdom,True
17357,United Kingdom,True
12890,United Kingdom,True
13449,United Kingdom,True
15269,United Kingdom,True
14385,United Kingdom,True
15900,United Kingdom,True
17680,United Kingdom,True
13926,United Kingdom,True
16204,United Kingdom,True
17896,United Kingdom,True
17835,United Kingdom,True
15432,United Kingdom,True
18006,United Kingdom,True
15657,United Kingdom,True
17237,United Kingdom,True
13160,United Kingdom,True
12847,United Kingdom,True
17397,United Kingdom,True
17985,United Kingdom,True
14362,United Kingdom,True
13828,United Kingdom,True
15435,United Kingdom,True
12445,Spain,True
12603,Germany,True
14641,United Kingdom,True
12618,Italy,True
15621,United Kingdom,True
12391,Cyprus,True
18034,United Kingdom,True
17286,United Kingdom,True
17904,United Kingdom,True
17301,United Kingdom,True
15368,United Kingdom,True
14793,United Kingdom,True
17650,United Kingdom,True
12702,Germany,True
14881,United Kingdom,True
16784,United Kingdom,True
14052,United Kingdom,True
18110,United Kingdom,True
17561,United Kingdom,True
15988,United Kingdom,True
17523,United Kingdom,True
14950,United Kingdom,True
16666,United Kingdom,True
14860,United Kingdom,True
17636,United Kingdom,True
13832,United Kingdom,True
13142,United Kingdom,True
16366,United Kingdom,True
14300,United Kingdom,True
12349,Italy,True
12658,Germany,True
12795,Portugal,True
15567,United Kingdom,True
15645,United Kingdom,True
16406,United Kingdom,True
15857,United Kingdom,True
12984,United Kingdom,True
17253,United Kingdom,True
13739,United Kingdom,True
18139,United Kingdom,True
15274,United Kingdom,True
17010,United Kingdom,True
15115,United Kingdom,True
17100,United Kingdom,True
15699,United Kingdom,True
13403,United Kingdom,True
16956,United Kingdom,True
17600,United Kingdom,True
15877,United Kingdom,True
14424,United Kingdom,True
13322,United Kingdom,True
17297,United Kingdom,True
13986,United Kingdom,True
12920,United Kingdom,True
18249,United Kingdom,True
15634,United Kingdom,True
16376,United Kingdom,True
16811,United Kingdom,True
12452,Switzerland,True
14581,United Kingdom,True
14675,United Kingdom,True
17290,United Kingdom,True
16343,United Kingdom,True
13638,United Kingdom,True
16482,United Kingdom,True
12784,Portugal,True
17458,United Kingdom,True
14785,United Kingdom,True
17254,United Kingdom,True
17767,United Kingdom,True
15725,United Kingdom,True
17247,United Kingdom,True
18184,United Kingdom,True
15428,United Kingdom,True
17727,United Kingdom,True
14756,United Kingdom,True
16856,United Kingdom,True
14703,United Kingdom,True
17385,United Kingdom,True
12531,Germany,True
15872,United Kingdom,True
14966,United Kingdom,True
17232,United Kingdom,True
17468,United Kingdom,True
13332,United Kingdom,True
14946,United Kingdom,True
13256,United Kingdom,True
13596,United Kingdom,True
16024,United Kingdom,True
14954,United Kingdom,True
17885,United Kingdom,True
14093,United Kingdom,True
14893,United Kingdom,True
15721,United Kingdom,True
17852,United Kingdom,True
13844,United Kingdom,True
12479,Germany,True
12660,France,True
15540,United Kingdom,True
17379,United Kingdom,True
16800,United Kingdom,True
17806,United Kingdom,True
17359,United Kingdom,True
13188,United Kingdom,True
14480,United Kingdom,True
13349,United Kingdom,True
15619,United Kingdom,True
15148,United Kingdom,True
14601,United Kingdom,True
15783,United Kingdom,True
17772,United Kingdom,True
14126,United Kingdom,True
16479,United Kingdom,True
13428,United Kingdom,True
15790,United Kingdom,True
13521,United Kingdom,True
14349,United Kingdom,True
18058,United Kingdom,True
12953,United Kingdom,True
12966,United Kingdom,True
15060,United Kingdom,True
17911,United Kingdom,True
14804,United Kingdom,True
15904,United Kingdom,True
16789,United Kingdom,True
12558,USA,True
17942,United Kingdom,True
12587,Finland,True
13560,United Kingdom,True
15539,United Kingdom,True
13017,United Kingdom,True
18174,United Kingdom,True
13153,United Kingdom,True
15773,United Kingdom,True
17936,United Kingdom,True
16535,United Kingdom,True
16988,United Kingdom,True
15097,United Kingdom,True
18015,United Kingdom,True
16597,United Kingdom,True
13790,United Kingdom,True
14219,United Kingdom,True
12367,Denmark,True
17383,United Kingdom,True
12478,Greece,True
15992,United Kingdom,True
15318,United Kingdom,True
17914,United Kingdom,True
16528,United Kingdom,True
12442,Spain,True
16569,United Kingdom,True
12650,France,True
14578,United Kingdom,True
16000,United Kingdom,True
15195,United Kingdom,True
14087,United Kingdom,True
14204,United Kingdom,True
15471,United Kingdom,True
13436,United Kingdom,True
15520,United Kingdom,True
13298,United Kingdom,True
14569,United Kingdom,True
12713,Germany,True
