StockCode,UnitPrice,Description
85123A,2.55,white hanging heart t-light holder
71053,3.39,white metal lantern
84406B,2.75,cream cupid hearts coat hanger
84029G,3.39,knitted union flag hot water bottle
84029E,3.39,red woolly hottie white heart.
22752,7.65,set 7 babushka nesting boxes
21730,4.25,glass star frosted t-light holder
22633,1.85,hand warmer union jack
22632,1.85,hand warmer red polka dot
84879,1.69,assorted colour bird ornament
22745,2.1,poppy's playhouse bedroom
22748,2.1,poppy's playhouse kitchen
22749,3.75,feltcraft princess charlotte doll
22310,1.65,ivory knitted mug cosy
84969,4.25,box of 6 assorted colour teaspoons
22623,4.95,box of vintage jigsaw blocks
22622,9.95,box of vintage alphabet blocks
21754,5.95,home building block word
21755,5.95,love building block word
21777,7.95,recipe box with metal heart
48187,7.95,doormat new england
22960,4.25,jam making set with jars
22913,4.95,red coat rack paris fashion
22912,4.95,yellow coat rack paris fashion
22914,4.95,blue coat rack paris fashion
21756,5.95,bath building block word
22728,3.75,alarm clock bakelike pink
22727,3.75,alarm clock bakelike red
22726,3.75,alarm clock bakelike green
21724,0.85,panda and bunnies sticker sheet
21883,0.65,stars gift tape
10002,0.85,inflatable political globe
21791,1.25,vintage heads and tails card game
21035,2.95,set/2 red retrospot tea towels
22326,2.95,round snack boxes set of4 woodland
22629,1.95,spaceboy lunch box
22659,1.95,lunch box i love london
22631,1.95,circus parade lunch box
22661,0.85,charlotte bag dolly girl design
21731,1.65,red toadstool led night light
22900,2.95,set 2 tea towels i love london
21913,3.75,vintage seaside jigsaw puzzles
22540,0.42,mini jigsaw circus parade
22544,0.42,mini jigsaw spaceboy
22492,0.65,mini paint set vintage
POST,18.0,postage
22086,2.55,paper chain kit 50's christmas
20679,4.95,edwardian parasol red
37370,1.06,retro coffee mugs assorted
21871,1.06,save the planet mug
21071,1.06,vintage billboard drink me mug
21068,1.06,vintage billboard love/hate mug
82483,4.95,wood 2 drawer cabinet white finish
82486,6.95,wood s/3 cabinet ant white finish
82482,2.1,wooden picture frame white finish
82494L,2.55,wooden frame antique white
21258,10.95,victorian sewing box large
22114,3.45,hot water bottle tea and sympathy
21733,2.55,red hanging heart t-light holder
22386,1.95,jumbo bag pink polkadot
85099C,1.95,jumbo  bag baroque black white
21033,2.95,jumbo bag charlie and lola toys
20723,0.85,strawberry charlotte bag
84997B,3.75,red 3 piece retrospot cutlery set
84997C,3.75,blue 3 piece polkadot cutlery set
21094,0.85,set/6 red spotty paper plates
20725,1.65,lunch bag red retrospot
21559,2.55,strawberry lunch box with cutlery
22352,2.55,lunch box with cutlery retrospot
21212,0.42,pack of 72 retrospot cake cases
21975,0.55,pack of 60 dinosaur cake cases
21977,0.55,pack of 60 pink paisley cake cases
84991,0.55,60 teatime fairy cake cases
84519A,2.95,tomato charlie+lola coaster set
85183B,1.25,charlie & lola wastepaper bin flora
85071B,0.38,red charlie+lola personal doorsign
21931,1.95,jumbo storage bag suki
21929,1.95,jumbo bag pink vintage paisley
22961,1.45,jam making set printed
22139,4.25,retrospot tea set ceramic 11 pc
84854,4.95,girly pink tool set
22411,1.95,jumbo shopper vintage red paisley
82567,2.1,"airline lounge,metal sign"
21672,1.25,white spot red ceramic drawer knob
22774,1.25,red drawer knob acrylic edwardian
22771,1.25,clear drawer knob acrylic edwardian
71270,1.25,photo clip line
22262,0.85,felt egg cosy chicken
22637,2.55,piggy bank retrospot
21934,1.65,skull shoulder bag
21169,1.69,you're confusing me metal sign
21166,1.95,cook with wine metal sign
21175,2.1,gin + tonic diet metal sign
37444A,2.95,yellow breakfast cup and saucer
37444C,2.95,pink breakfast cup and saucer
22083,2.95,paper chain kit retrospot
84971S,0.85,small heart flowers hook
47580,2.55,tea time des tea cosy
22261,0.85,felt egg cosy white rabbit
84832,0.85,zinc willie winkie  candle stick
22644,1.45,ceramic cherry cake money bank
21533,4.95,retrospot large milk jug
21557,2.95,set of 6 funky beakers
15056BL,5.95,edwardian parasol black
15056N,5.95,edwardian parasol natural
22646,1.45,ceramic strawberry cake money bank
22176,2.95,blue owl soft toy
22438,1.95,balloon art make your own flowers
22778,3.95,glass cloche small
22719,1.06,gumball monochrome coat rack
21523,6.75,doormat fancy font home sweet home
D,27.5,discount
21912,3.75,vintage snakes & ladders
21832,1.65,chocolate calculator
22379,2.1,recycling bag retrospot
22381,1.85,toy tidy pink polkadot
22798,2.95,antique glass dressing table pot
22926,5.95,ivory giant garden thermometer
22839,14.95,3 tier cake tin green and cream
22838,14.95,3 tier cake tin red and cream
22783,16.95,set 3 wicker oval baskets w lids
35004C,4.65,set of 3 coloured  flying ducks
82484,6.45,wood black board ant white finish
84755,0.65,colour glass t-light holder hanging
22464,1.65,hanging metal heart lantern
21324,2.95,hanging medina lantern small
22457,2.95,natural slate heart chalkboard
22469,1.45,heart of wicker small
22470,2.55,heart of wicker large
22224,2.95,white lovebird lantern
21340,12.75,classic metal birdcage plant holder
22189,3.95,cream heart card holder
22427,5.95,enamel flower jug cream
22428,6.95,enamel fire bucket cream
22424,10.95,enamel bread bin cream
22663,1.95,jumbo bag dolly girl design
85049A,1.25,traditional christmas ribbons
22168,8.5,organiser wood antique white
22662,1.65,lunch bag dolly girl design
84880,4.95,white wire egg holder
85099B,1.65,jumbo bag red retrospot
79321,3.82,chilli lights
22780,3.37,light garland butterfiles pink
22779,3.37,wooden owls light garland
22466,1.45,fairy tale cottage nightlight
21363,4.95,home small wood letters
21411,4.25,gingham heart  doorstop red
22318,2.95,five heart hanging decoration
22915,0.42,assorted bottle top  magnets
22922,0.85,fridge magnets us diner assorted
22969,1.45,homemade jam scented candles
22923,0.85,fridge magnets les enfants assorted
21115,6.75,rose caravan doorstop
22242,1.65,5 hook hanger magic toadstool
22941,8.5,christmas lights 10 reindeer
21622,4.95,vintage union jack cushion cover
35004G,6.35,set of 3 gold flying ducks
85014B,5.95,red retrospot umbrella
85014A,5.95,black/blue polkadot umbrella
22193,8.5,red diner wall clock
22192,8.5,blue diner wall clock
22191,8.5,ivory diner wall clock
22195,1.65,large heart measuring spoons
22196,0.85,small heart measuring spoons
22962,0.72,jam jar with pink lid
22963,0.72,jam jar with green lid
22968,8.5,rose cottage keepsake box
84970S,0.64,hanging heart zinc t-light holder
22910,2.55,paper chain kit vintage christmas
20668,0.1,disco ball christmas decoration
22197,0.72,small popcorn holder
22198,1.45,large popcorn holder
21080,0.64,set/20 red retrospot paper napkins
21086,0.65,set/6 red spotty paper cups
21786,0.32,polkadot rain hat
22654,4.95,deluxe sewing kit
21485,4.25,retrospot heart hot water bottle
84030E,3.75,english rose hot water bottle
22174,1.48,photo cube
22556,1.65,plasters in tin circus parade
21984,0.29,pack of 12 pink paisley tissues
21983,0.29,pack of 12 blue paisley tissues
21980,0.29,pack of 12 red retrospot tissues
21484,3.45,chick grey hot water bottle
22557,1.65,plasters in tin vintage paisley
22553,1.65,plasters in tin skulls
22150,1.95,3 stripey mice feltcraft
22619,3.75,set of 6 soldier skittles
21891,1.25,traditional wooden skipping rope
21889,1.25,wooden box of dominoes
22827,165.0,rustic  seventeen drawer sideboard
22127,1.25,party cones carnival assorted
22128,1.25,party cones candy assorted
22502,5.95,picnic basket wicker small
22338,0.65,star decoration painted zinc
22180,9.95,retrospot lamp
21506,0.42,"fancy font birthday card,"
22866,1.85,hand warmer scotty dog design
22865,1.85,hand warmer owl design
22349,3.75,dog bowl chasing ball design
22558,1.25,clothes pegs retrospot pack 24
85152,2.1,hand over the chocolate   sign
22652,1.65,travel sewing kit
22188,3.95,black heart card holder
21314,2.1,small glass heart trinket pot
22730,3.75,alarm clock bakelike ivory
22729,3.75,alarm clock bakelike orange
22867,2.1,hand warmer bird design
22803,35.75,ivory embroidered quilt
35004B,4.65,set of 3 black flying ducks
21844,2.95,red retrospot mug
22468,6.75,babushka lights string of 10
48185,7.95,doormat fairy cake
21232,1.25,strawberry ceramic trinket box
22064,1.65,pink doughnut trinket pot
22449,3.35,silk purse babushka pink
22835,4.65,hot water bottle i am so poorly
22112,4.95,chocolate hot water bottle
21479,3.75,white skull hot water bottle
22111,4.95,scottie dog hot water bottle
22110,2.55,bird house hot water bottle
22098,1.25,boudoir square tissue box
22100,1.25,skulls square tissue box
22766,2.95,photo frame cornice
22451,3.35,silk purse babushka red
22549,1.45,picture dominoes
84744,1.25,s/6 sew on crochet flowers
85049E,1.25,scandinavian reds ribbons
21328,1.65,balloons  writing set
17091A,1.25,lavender incense in tin
22473,4.95,tv dinner tray vintage paisley
84509A,3.75,set of 4 english rose placemats
84510A,1.25,set of 4 english rose coasters
22767,9.95,triple photo frame cornice
22768,9.95,family photo frame cornice
21463,5.95,mirrored disco ball
21464,4.25,disco ball rotator battery operated
20820,4.95,silver looking mirror
85150,2.55,ladies & gentlemen metal sign
22117,2.95,metal sign her dinner is served
48129,7.95,doormat topiary
82580,0.55,bathroom metal sign
82578,0.55,kitchen metal sign
82581,0.55,toilet metal sign
22413,2.95,metal sign take it or leave it
21907,2.1,i'm on holiday metal sign
22441,2.1,grow your own basil in enamel mug
21122,1.25,set/10 pink polkadot party candles
22851,0.85,set 20 napkins fairy cakes design
22810,2.95,set of 6 t-lights snowmen
22809,2.95,set of 6 t-lights santa
22435,1.25,set of 9 heart shaped balloons
20966,1.25,sandwich bath sponge
20963,1.25,apple bath sponge
20961,1.25,strawberry bath sponge
22068,1.65,black pirate treasure chest
21743,2.95,star portable table light
21744,2.95,snowflake portable table light
84709B,5.95,pink oval jewelled mirror
21592,1.25,retrospot cigar box matches
21587,2.55,cosy hour giant tube matches
20992,0.85,jazz hearts purse notebook
22804,2.95,candleholder pink hanging heart
20749,7.95,assorted colour mini cases
22382,1.65,lunch bag spaceboy design
20726,1.65,lunch bag woodland
22384,1.65,lunch bag pink polkadot
22467,2.55,gumball coat rack
84625C,2.95,blue new baroque candlestick candle
84625A,2.95,pink new baroquecandlestick candle
21108,2.55,fairy cake flannel assorted colour
22848,16.95,bread bin diner style pink
47570B,10.65,tea time table cloth
22837,4.25,hot water bottle babushka
22297,1.25,heart ivory trellis small
22772,1.25,pink drawer knob acrylic edwardian
22773,1.25,green drawer knob acrylic edwardian
22805,1.25,blue drawer knob acrylic edwardian
21125,1.25,set 6 football celebration candles
21126,1.25,set of 6 girls celebration candles
85049C,1.25,romantic pinks ribbons
85049D,1.25,bright blues ribbons
85049G,1.25,chocolate box ribbons
21061,0.85,party invites football
21063,0.85,party invites jazz hearts
21062,0.85,party invites spaceman
84380,1.25,set of 3 butterfly cookie cutters
84378,1.25,set of 3 heart cookie cutters
22964,2.1,3 piece spaceboy cookie cutter set
21213,0.55,pack of 72 skull cake cases
22417,0.55,pack of 60 spaceboy cake cases
84992,0.55,72 sweetheart fairy cake cases
22383,1.65,lunch bag suki  design
20728,1.65,lunch bag cars blue
20727,1.65,lunch bag  black skull.
22296,1.65,heart ivory trellis large
20914,2.55,set/5 red retrospot lid glass bowls
22537,0.42,magic drawing slate dinosaur
22533,0.42,magic drawing slate bake a cake
20982,0.85,12 pencils tall tube skulls
21915,1.25,red  harmonica in box
21914,1.25,blue harmonica in box
21544,0.85,skulls  water transfer tattoos
22813,1.95,pack 3 boxes bird pannetone
84375,2.1,set of 20 kids cookie cutters
22418,0.85,10 colour spaceboy pen
22178,1.25,victorian glass hanging t-light
84970L,0.95,single heart zinc t-light holder
22465,1.65,hanging metal star lantern
84949,1.65,silver hanging t-light holder
20685,7.95,doormat red retrospot
48194,7.95,doormat hearts
22488,1.65,natural slate rectangle chalkboard
22219,0.85,lovebird hanging decoration white
22610,0.85,pens assorted funny face
22716,0.42,card circus parade
22706,0.42,wrap cowboys
22371,4.25,airline bag vintage tokyo 78
21210,1.45,set of 72 retrospot paper  doilies
16237,0.21,sleeping cat erasers
22714,0.42,card birthday cowboy
22812,1.95,pack 3 boxes christmas pannetone
84347,2.55,rotating silver angels t-light hldr
22736,1.65,ribbon reel making snowmen
22620,1.25,4 traditional spinning tops
21705,1.65,bag 500g swirly marbles
90199C,6.35,5 strand glass necklace crystal
22785,6.75,squarecushion cover pink union flag
22975,1.25,spaceboy childrens egg cup
22972,1.65,children's spaceboy mug
22568,3.75,feltcraft cushion owl
85116,2.1,black candelabra t-light holder
22664,2.1,toy tidy dolly girl design
21609,2.95,set 12 lavender  botanical t-lights
21866,1.25,union jack flag luggage tag
20669,1.25,red heart luggage tag
90129F,2.95,red glass tassle bag charm
90210B,2.95,clear acrylic faceted bangle
21955,7.95,doormat union jack guns and roses
72802C,4.25,vanilla scent candle jewelled box
22109,3.75,full english breakfast plate
22531,0.42,magic drawing slate circus parade
21811,1.25,christmas hanging heart with bell
22183,6.75,cake stand victorian filigree med
21678,0.85,paisley pattern  stickers
21676,0.85,flowers  stickers
85169B,1.25,black love bird candle
16238,0.21,party time pencil erasers
84906,5.95,pink b'fly c/cover w bobbles
21867,1.25,pink union jack  luggage tag
22075,1.65,6 ribbons elegant christmas
21326,0.65,aged glass silver t-light holder
21065,5.95,boom box speaker girls
22074,1.65,6 ribbons shimmering pinks
20713,1.95,jumbo bag owls
21116,4.95,owl doorstop
21824,1.45,painted metal star with holly bells
21823,1.45,painted metal heart with holly bell
22153,0.42,angel decoration stars on dress
85099F,1.95,jumbo bag strawberry
20717,1.25,strawberry shopper bag
22328,2.95,round snack boxes set of 4 fruits
22327,2.95,round snack boxes set of 4 skulls
22630,1.95,dolly girl lunch box
21245,1.69,green polkadot plate
21244,1.69,blue polkadot plate
21242,1.69,red retrospot plate
21243,1.69,pink  polkadot plate
22273,2.95,feltcraft doll molly
22940,4.25,feltcraft christmas fairy
22759,1.65,set of 3 notebooks in parcel
21880,0.65,red retrospot tape
21738,2.95,cosy slipper shoes small  red
22077,1.65,6 ribbons rustic charm
21448,1.65,12 daisy pegs in wood box
22243,1.65,5 hook hanger red magic toadstool
22141,2.1,christmas craft tree top angel
22144,2.1,christmas craft little friends
21739,2.95,cosy slipper shoes small green
22271,2.95,feltcraft doll rosie
22274,2.95,feltcraft doll emily
22751,3.75,feltcraft princess olivia doll
21034,0.95,rex cash+carry jumbo shopper
22570,3.75,feltcraft cushion rabbit
22569,3.75,feltcraft cushion butterfly
22902,2.1,tote bag i love london
21710,4.95,folding umbrella pinkwhite polkadot
21708,4.95,folding umbrella cream polkadot
21711,4.95,folding umbrella white/red polkadot
22179,6.75,set 10 lights night owl
21706,4.95,folding umbrella red/white polkadot
85184C,2.95,s/4 valentine decoupage heart box
22988,1.25,soldiers egg cup
20750,7.95,red retrospot mini cases
22952,0.55,60 cake cases vintage christmas
22739,1.65,ribbon reel christmas sock bauble
22738,1.65,ribbon reel snowy village
22909,0.85,set of 20 vintage christmas napkins
35591T,1.25,turquoise christmas tree
22186,2.95,red star card holder
22695,1.45,wicker wreath small
22580,5.95,advent calendar gingham sack
22147,1.45,feltcraft butterfly hearts
22130,0.85,party cone christmas decoration
22694,2.1,wicker star
21790,0.85,vintage snap cards
22149,2.1,feltcraft 6 flower friends
22321,0.85,bird decoration red retrospot
22594,0.85,christmas gingham tree
22593,0.85,christmas gingham star
22595,0.85,christmas gingham heart
21986,0.29,pack of 12 pink polkadot tissues
22750,3.75,feltcraft princess lola doll
22616,0.29,pack of 12 london tissues
22775,1.25,purple drawerknob acrylic edwardian
22899,2.1,children's apron dolly girl
22367,1.95,childrens apron spaceboy design
22942,8.5,christmas lights 10 santas
21976,0.55,pack of 60 mushroom cake cases
22951,0.55,60 cake cases dolly girl design
22834,2.1,hand warmer babushka design
21916,0.42,set 12 retro white chalk sticks
22587,0.85,feltcraft hairband red and blue
22566,0.85,feltcraft hairband pink and purple
22565,0.85,feltcraft hairbands pink and white
22472,4.95,tv dinner tray dolly girl
22551,1.65,plasters in tin spaceboy
22554,1.65,plasters in tin woodland animals
22534,0.42,magic drawing slate spaceboy
22529,0.42,magic drawing slate go to the fair
22530,0.42,magic drawing slate dolly girl
84032B,2.95,charlie + lola red hot water bottle
85049H,1.25,urban black ribbons
22807,2.95,set of 6 t-lights toadstools
21494,1.25,rotating leaves t-light holder
22938,1.95,cupcake lace paper set 6
21892,1.25,traditional wooden catch cup game
21890,2.95,s/6 wooden skittles in cotton bag
21718,1.25,red metal beach spade
21716,2.55,boys vintage tin seaside bucket
21715,2.55,girls vintage tin seaside bucket
22113,3.75,grey heart hot water bottle
22358,2.95,kings choice tea caddy
22357,4.25,kings choice biscuit tin
22115,2.95,metal sign empire tea
21481,2.95,fawn blue hot water bottle
22585,1.25,pack of 6 birdy gift tags
21556,2.55,ceramic strawberry money box
22645,1.45,ceramic heart fairy cake money bank
22650,1.45,ceramic pirate chest money bank
22508,3.75,doorstop retrospot heart
22511,3.75,retrospot babushka doorstop
22829,9.95,sweetheart wire wall tidy
21154,1.06,red retrospot oven glove
17021,0.24,namaste swagat incense
22059,1.25,ceramic strawberry design mug
84678,1.25,classical rose small vase
85172,0.42,hyacinth bulb t-light candles
22142,1.45,christmas craft white fairy
21591,1.25,cosy hour cigar box matches
22480,1.25,red tea towel classic design
22294,1.25,heart filigree dove  small
21156,1.95,retrospot childrens apron
10133,0.85,colouring pencils brown tube
72800E,2.55,4 ivory dinner candles silver flock
84836,1.25,zinc metal heart decoration
20774,1.65,green fern notebook
20773,1.65,blue paisley notebook
20777,1.65,chrysanthemum notebook
16016,0.85,large chinese style scissor
16014,0.42,small chinese style scissor
21651,1.65,hanging glass etched tealight
22618,9.95,cooking set retrospot
21586,2.55,kings choice giant tube matches
22152,0.42,place setting white star
84754,1.25,s/15 silver glass baubles in bag
22670,1.25,french wc sign blue metal
84849B,1.69,fairy soap soap holder
22927,5.95,green giant garden thermometer
22925,5.95,blue giant garden thermometer
21259,5.95,victorian sewing box small
21257,7.95,victorian sewing box medium
21121,1.25,set/10 red polkadot party candles
82552,1.45,washroom metal sign
90200B,4.25,black sweetheart bracelet
90059B,1.65,diamante hair grip pack/2 black dia
90185C,4.25,black diamante expandable ring
90059E,1.65,diamante hair grip pack/2 ruby
90059C,1.65,diamante hair grip pack/2 montana
90200C,4.25,blue sweetheart bracelet
90200D,4.25,pink sweetheart bracelet
90200A,4.25,purple sweetheart bracelet
22737,1.65,ribbon reel christmas present
21260,3.25,first aid tin
22744,2.95,make your own monsoon card kit
21985,0.29,pack of 12 hearts design tissues
22295,1.65,heart filigree dove large
16258A,0.42,swirly circular rubbers in bag
21992,2.95,vintage paisley stationery set
21124,1.25,set/10 blue polkadot party candles
22735,1.65,ribbon reel socks and mittens
22945,0.85,christmas metal tags assorted
21816,1.45,christmas tree t-light holder
21815,1.45,star  t-light holder
21814,1.45,heart t-light holder
10125,0.85,mini funky design tapes
22573,0.85,star wooden christmas decoration
22577,0.85,wooden heart christmas scandinavian
22603,0.85,christmas retrospot tree wood
20878,1.25,set/9 christmas t-lights scented
20866,1.25,blue rose fabric mirror
85095,1.95,three canvas luggage tags
22333,1.65,retrospot party bag + sticker set
21584,1.65,retrospot small tube matches
22731,1.25,3d christmas stamps stickers
22956,2.1,36 foil heart cake cases
22582,2.55,pack of 6 sweetie gift boxes
85231B,0.85,cinammon set of 9 t-lights
85231G,0.85,orange scented set/9 t-lights
22082,1.65,ribbon reel stripes design
22500,4.95,set of 2 tins jardin de provence
22742,2.95,make your own playtime card kit
21329,1.65,dinosaurs  writing set
21327,1.65,skulls writing set
48173C,7.95,doormat black flock
72818,0.85,christmas decoupage candle
22312,2.95,office mug warmer polkadot
21137,3.39,black record cover frame
22041,2.1,"record frame 7"" single size"
20979,1.25,36 pencils tube red retrospot
20977,1.25,36 pencils tube woodland
22571,0.72,rocking horse red christmas
22423,10.95,regency cakestand 3 tier
21621,8.5,vintage union jack bunting
47563A,3.75,retro longboard ironing board cover
84558A,2.95,3d dog picture playing cards
21577,2.25,save the planet cotton tote bag
22087,2.95,paper bunting white lace
22651,0.85,gentleman shirt repair kit
22713,0.42,card i love london
21370,6.35,mirrored wall art foxy
21367,2.55,mirrored wall art gents
22376,4.25,airline bag vintage jet set white
21895,4.25,potting shed sow 'n' grow set
22372,4.25,airline bag vintage world champion
21190,1.65,pink hearts paper garland
21894,1.25,potting shed seed envelopes
70007,1.65,hi tec alpine hand warmer
46000M,1.55,polyester filler pad 45x45cm
22712,0.42,card dolly girl
22983,0.42,card billboard font
22024,0.42,rainy ladies birthday card
21488,3.95,red white scarf  hot water bottle
22895,2.95,set of 2 tea towels apple and pears
22784,4.95,lantern cream gazebo
21441,0.85,blue birdhouse decoration
84947,1.06,antique silver tea glass engraved
22485,12.75,set of 2 wooden market crates
21794,6.75,classic french style basket natural
20707,1.25,crazy daisy heart decoration
22588,2.55,card holder gingham heart
21292,0.85,small stripes chocolate gift bag
22760,12.75,"tray, breakfast in bed"
22107,3.75,pizza plate in box
21486,3.75,pink heart dots hot water bottle
22151,0.42,place setting white heart
22643,2.55,set of 4 napkin charms leaves
22642,2.55,set of 4 napkin charms stars
22604,2.55,set of 4 napkin charms cutlery
22099,1.25,caravan square tissue box
22653,1.95,button box
22906,1.65,12 message cards with envelopes
22754,0.85,small red babushka notebook
22919,0.65,herb marker mint
22917,0.65,herb marker rosemary
22920,0.65,herb marker basil
22921,0.65,herb marker chives
22918,0.65,herb marker parsley
22916,0.65,herb marker thyme
22575,1.95,metal merry christmas wreath
21804,3.75,white christmas garland stars trees
21588,2.55,retrospot giant tube matches
22955,2.1,36 foil star cake cases
22583,2.55,pack of 6 handbag gift boxes
22241,1.25,garland wooden happy easter
22904,2.95,calendar paper cut design
22905,2.95,calendar in season design
22092,1.25,blue paisley tissue box
22096,1.25,pink paisley square tissue box
21358,1.25,toast its - happy birthday
21123,1.25,set/10 ivory polkadot party candles
21427,2.1,skulls storage box small
21930,1.95,jumbo storage bag skulls
20772,2.55,garden path journal
71406C,0.42,black orange squeezer
84985A,1.45,set of 72 green paper doilies
20754,2.1,retrospot red washing up gloves
84596E,1.25,small licorice des pink bowl
21111,2.95,"swiss roll towel, chocolate  spots"
22501,9.95,picnic basket wicker large
22854,4.95,cream sweetheart egg holder
84997D,3.75,pink 3 piece polkadot cutlery set
47599A,2.1,pink party bags
47599B,2.1,blue party bags
20972,1.25,pink cream felt craft trinket box
21041,2.95,red retrospot oven glove double
21664,3.75,ridged glass storage jar cream lid
22907,0.85,pack of 20 napkins pantry design
22776,9.95,sweetheart cakestand 3 tier
21810,1.25,christmas hanging star with bell
21197,1.65,multicolour  confetti in tube
85035B,4.25,chocolate 3 wick morris box candle
84968C,12.75,set of 16 vintage pistachio cutlery
21098,1.25,christmas toilet roll
21192,1.65,white bell honeycomb paper
72800B,2.55,4 purple flock dinner candles
84563A,5.95,pink & white breakfast tray
47504H,1.95,english rose spirit level
21742,5.95,large round wicker platter
22481,1.25,black tea towel classic design
22943,4.95,christmas lights 10 vintage baubles
22699,2.95,roses regency teacup and saucer
22217,1.25,t-light holder hanging lace
22227,0.65,hanging heart mirror decoration
21106,2.95,cream slice flannel chocolate spot
21107,2.95,cream slice flannel pink spot
22697,2.95,green regency teacup and saucer
21826,1.25,eight piece dinosaur set
22548,1.25,heads and tails sporting fun
17164B,0.42,ass col small sand gecko p'weight
22429,4.25,enamel measuring jug cream
20974,0.65,12 pencils small tube skull
20973,0.65,12 pencil small tube woodland
15044B,2.95,blue paper parasol
21135,1.69,victorian  metal postcard spring
22173,2.95,metal 4 hook hanger french chateau
22626,8.5,black kitchen scales
22625,8.5,red kitchen scales
22624,8.5,ivory kitchen scales
84945,0.85,multi colour silver t-light holder
22244,1.95,3 hook hanger magic garden
47421,0.42,assorted colour lizard suction hook
20712,1.95,jumbo bag woodland animals
22973,1.65,children's circus parade mug
84569B,1.25,pack 3 fire engine/car patches
22815,0.42,card psychedelic apples
85114B,1.65,ivory enchanted forest placemat
22584,2.55,pack of 6 pannetone gift boxes
22454,2.95,measuring tape babushka red
85114C,1.65,red enchanted forest placemat
22974,1.65,childrens dolly girl mug
21452,2.95,toadstool money box
22743,2.95,make your own flowerpower card kit
22911,2.95,paper chain kit london
22453,2.95,measuring tape babushka blue
22445,2.95,pencil case life is beautiful
22607,9.95,wooden rounders garden set
22635,9.95,childs breakfast set dolly girl
22634,9.95,childs breakfast set spaceboy
22222,4.95,cake plate lovebird white
22947,16.95,wooden advent calendar red
22187,4.25,green christmas tree card holder
22164,2.95,string of stars card holder
72598,0.85,set/12 taper candles
22627,8.5,mint kitchen scales
22487,9.95,white wood garden plant ladder
22360,2.95,glass jar english confectionery
22364,2.95,glass jar digestive biscuits
21657,6.95,milk bottle with glass stopper
22120,9.95,welcome  wooden block letters
21038,2.95,set/4 modern vintage cotton napkins
21625,6.95,vintage union jack apron
22097,1.25,swallow square tissue box
21179,1.25,no junk mail metal sign
22185,1.65,slate tile natural hanging
21662,5.95,vintage glass coffee caddy
85104,2.95,silver glass t-light set
21654,1.45,ridged glass finger bowl
21658,3.95,glass  beurre dish
21519,0.42,gin & tonic diet greeting card
22819,0.42,"birthday card, retro spot"
22704,0.42,wrap red apples
21498,0.42,red retrospot wrap
22049,0.42,wrap christmas screen print
21497,0.42,fancy fonts birthday wrap
21333,2.95,classic white frame
22194,8.5,black diner wall clock
22688,7.95,doormat peace on earth blue
84692,0.42,box of 24 cocktail parasols
22444,1.06,grow your own plant in a can
22555,1.65,plasters in tin strongman
22547,0.42,mini jigsaw dinosaur
22543,0.42,mini jigsaw bake a cake
22539,0.42,mini jigsaw dolly girl
22561,1.65,wooden school colouring set
22489,0.42,pack of 12 traditional crayons
22814,0.42,card party games
21520,0.42,booze & women greeting card
21982,0.29,pack of 12 suki tissues
21981,0.29,pack of 12 woodland tissues
21967,0.29,pack of 12 skull tissues
22615,0.29,pack of 12 circus parade tissues
22614,0.29,pack of 12 spaceboy tissues
22095,1.25,lads only tissue box
22094,1.25,red retrospot tissue box
22966,1.25,gingerbread man cookie cutter
21874,1.25,gin and tonic mug
21873,1.25,if you can't stand the heat mug
21870,1.25,i can only please one person mug
84050,1.25,pink heart shape egg frying pan
22315,1.25,200 red + white bendy straws
22667,2.95,recipe box retrospot
22666,2.95,recipe box pantry yellow design
22665,2.95,recipe box blue sketchbook design
22567,1.25,20 dolly pegs retrospot
82600,2.1,no singing metal sign
22842,6.75,biscuit tin vintage red
22494,1.25,emergency first aid tin
22740,0.85,polkadot pen
22825,7.95,decorative plant pot with frieze
22680,1.25,french blue metal door sign 5
22797,16.95,chest of drawers gingham heart
21843,10.95,red retrospot cake stand
22118,4.95,joy wooden block letters
22121,5.95,noel wooden block letters
22119,6.95,peace wooden block letters
22311,2.95,office mug warmer black+silver
72817,1.25,set of 2 christmas decoupage candle
22277,2.1,cosmetic bag vintage rose paisley
20867,1.25,pink rose fabric mirror
21688,2.95,silver plate candle bowl small
21694,2.95,small regal  silver candlepot
22800,3.75,antique tall swirlglass trinket pot
22801,3.75,antique glass pedestal bowl
22781,7.65,gumball magazine rack
21466,3.75,red flower crochet food cover
21467,3.75,cherry crochet food cover
21471,3.75,strawberry raffia food cover
21469,3.75,polka dot raffia food cover
21524,7.95,doormat spotty home sweet home
22791,1.25,t-light glass fluted antique
21690,3.75,silver  candlepot jardin
37343,1.65,polkadot mug pink
22088,2.95,paper bunting coloured lace
21143,1.95,antique glass heart decoration
84944,4.25,set of 6 kashmir folkart baubles
22601,0.85,christmas retrospot angel wood
22600,0.85,christmas retrospot star wood
22574,0.85,heart wooden christmas decoration
85199L,0.65,large hanging ivory & red wood bird
85199S,0.42,small hanging ivory/red wood bird
72741,1.45,grand chocolatecandle
37495,3.75,fairy cake birthday candle set
22171,8.5,3 hook photo shelf antique white
85067,18.95,cream sweetheart wall cabinet
48184,7.95,doormat english rose
48138,7.95,doormat union flag
85019A,4.25,romantic images notebook set
85019C,4.25,curious  images notebook set
20902,6.35,vintage keepsake box paris days
21429,1.65,red gingham rose jewellery box
85071A,2.95,blue charlie+lola personal doorsign
85071C,2.55,"charlie+lola""extremely busy"" sign"
22355,0.85,charlotte bag suki design
21579,2.25,lolita  design  cotton tote bag
21576,2.25,lets go shopping cotton tote bag
22493,1.65,paint your own canvas set
21833,1.69,camouflage led torch
85135B,7.95,blue dragonfly helicopter
85136A,7.95,yellow shark helicopter
85136C,7.95,red shark helicopter
21055,8.95,tool box soft toy
21056,8.95,doctor's bag soft toy
C2,50.0,carriage
21928,1.95,jumbo bag scandinavian paisley
20711,1.95,jumbo bag toys
21773,2.51,decorative rose bathroom bottle
21774,2.51,decorative cats bathroom bottle
21787,1.66,rain poncho retrospot
21801,0.43,christmas tree decoration with bell
21802,0.43,christmas tree heart decoration
21803,0.43,christmas tree star decoration
21809,2.51,christmas hanging tree with bell
21821,7.62,glitter star garland with bells
21822,4.21,glitter christmas tree with bells
21851,4.21,lilac diamante pen in gift box
21879,1.66,hearts gift tape
21884,1.66,cakes and bows gift  tape
21888,7.62,bingo set
21911,3.36,garden metal sign
21922,16.98,union stripe with fringe  hammock
21935,3.36,suki  shoulder bag
21942,1.66,skulls design flannel
21944,1.66,kittens design flannel
21949,2.51,set of 6 strawberry chopsticks
21990,2.51,modern floral stationery set
21991,2.51,bohemian collage stationery set
21993,2.51,floral folk stationery set
22037,0.85,robot birthday card
22043,0.43,christmas card screen print
22065,3.36,christmas pudding trinket pot
22067,3.36,choc truffle gold trinket pot
22069,3.36,brown  pirate treasure chest
22071,7.62,small white retrospot mug in box
22076,3.36,6 ribbons empire
22080,3.36,ribbon reel polkadots
22081,3.36,ribbon reel flora + fauna
22090,5.91,paper bunting retrospot
22134,0.85,ladle love heart red
22135,0.85,ladle love heart pink
22154,0.85,angel decoration 3 buttons
22155,0.85,star decoration rustic
22156,1.66,heart decoration with pearls
22161,0.81,heart decoration rustic hanging
22162,3.36,heart garland rustic padded
22169,16.98,family album white picture frame
22182,4.21,cake stand victorian filigree small
22190,2.51,local cafe mug
22203,7.62,milk pan red retrospot
22207,8.47,frying pan union flag
22265,1.28,easter decoration natural chick
22276,5.91,wash bag vintage rose paisley
22299,2.51,pig keyring with light & sound
22300,5.06,coffee mug dog + ball design
22301,5.06,coffee mug cat + bird design
22309,5.06,tea cosy red  stripe
22314,5.91,office mug warmer choc+blue
22335,1.28,heart decoration painted zinc
22336,1.28,dove decoration painted zinc
22345,1.66,party pizza dish blue polkadot
22348,1.66,tea bag plate red retrospot
22356,1.66,charlotte bag pink polkadot
22359,5.91,glass jar kings choice
22361,5.91,glass jar daisy fresh cotton wool
22375,8.47,airline bag vintage jet set brown
22378,4.21,wall tidy retrospot
22380,4.21,toy tidy spaceboy
22394,5.06,paperweight kings choice
22396,2.51,magnets pack of 4 retro photo
22419,0.85,lipstick pen red
22422,1.28,toothpaste tube pen
22430,10.17,enamel watering can cream
22432,4.21,watering can pink bunny
22437,1.66,set of 9 black skull balloons
22471,11.02,tv dinner tray air hostess
22476,11.02,empire union jack tv dinner tray
22477,2.51,watering can garden marker
22478,2.51,birdhouse garden marker
22479,2.51,daisy garden marker
22497,8.47,set of 2 tins vintage bathroom
22515,4.21,childs garden spade pink
22517,4.21,childs garden rake pink
22519,4.21,childs garden brush pink
22545,0.85,mini jigsaw bunnies
22550,7.62,holiday fun ludo
22560,2.51,traditional modelling clay
22589,5.06,cardholder gingham star
22605,25.49,wooden croquet garden set
22639,5.06,set of 4 napkin charms hearts
22669,5.91,red baby bunting
22675,2.51,french kitchen sign blue metal
22734,5.06,set of 6 ribbons vintage christmas
22741,1.66,funky diva pen
22755,1.66,small purple babushka notebook
22757,2.51,large red babushka notebook
22758,2.51,large purple babushka notebook
22769,51.02,chalkboard kitchen organiser
22792,1.66,fluted antique candle holder
22816,0.85,card motorbike santa
22818,0.85,card christmas village
22822,12.72,cream wall planter heart shaped
22844,16.98,vintage cream dog food container
22847,34.0,bread bin diner style ivory
22862,8.47,love heart napkin box
22876,4.21,number tile cottage garden 8
22928,11.87,yellow giant garden thermometer
22948,6.77,metal decoration naughty children
22949,2.98,36 doilies dolly girl
22976,2.51,circus parade childrens egg cup
35095A,0.84,blue victorian fabric oval box
35095B,0.84,red victorian fabric oval box
35471D,2.51,set of 3 bird light pink feather
35598D,2.51,pink/white christmas tree 60cm
35599D,5.91,pink and white christmas tree 120cm
35610A,2.51,pink christmas flock droplet
35818P,3.36,"acrylic jewel icicle, pink"
35957,1.66,smallfolkart bauble christmas dec
35961,1.66,folkart zinc heart christmas dec
35971,2.51,rose folkart heart decorations
37449,21.23,ceramic cake stand + hanging cakes
37476,18.68,condiment tray 4 bowls and 4 spoons
47559B,2.51,tea time oven glove
47591B,1.66,scotties childrens apron
47591D,4.21,pink fairy cake childrens apron
47593B,0.85,scottie dogs baby bib
48188,14.43,doormat welcome puppies
71459,1.69,hanging jam jar t-light holder
72586,0.85,set of 6 halloween ghost t-lights
72799E,3.36,ivory pillar candle silver flock
72799F,3.36,ivory pillar candle gold flock
72807A,8.47,set/3 rose candle in jewelled box
72807B,8.47,set/3 ocean scent candle jewel box
72807C,8.47,set/3 vanilla scented candle in box
72816,2.51,set/3 christmas decoupage candles
79030D,12.72,"tumbler, baroque"
79030G,12.72,"tumbler, new england"
82551,2.51,laundry 15c metal sign
82583,4.21,hot baths metal sign
82613B,2.51,"metal sign,cupcake single hook"
82613C,2.51,"metal sign,cupcake single hook"
82613D,2.51,metal sign cupcake single hook
84031A,4.21,charlie+lola red hot water bottle
84031B,4.21,charlie lola blue hot water bottle
84032A,3.36,charlie+lola pink hot water bottle
84086C,4.21,pink/purple retro radio
84279P,8.47,cherry blossom  decorative flask
85015,2.51,set of 12  vintage postcard set
85016,2.51,set of 6 vintage notelets kit
85017A,0.85,envelope 50 romantic images
85017B,0.85,envelope 50 blossom images
85032D,1.66,yuletide images gift wrap set
85039A,1.66,set/4 red mini rose candle in bowl
85048,16.98,15cm christmas glass ball 20 lights
85064,11.02,cream sweetheart letter rack
85127,10.17,small square cut glass candlestick
85129D,2.51,beaded crystal heart pink small
85131B,0.85,beaded crystal heart green on stick
85132A,8.47,charlie + lola biscuits tins
85135C,8.47,red dragonfly helicopter
85176,1.66,sewing susan 21 needle set
85177,1.66,basket of flowers sewing kit
85178,2.51,victorian sewing kit
85186A,0.85,easter bunny garland of flowers
85232B,4.95,set of 3 babushka stacking tins
90003C,3.81,midnight blue pair heart hair slide
90018A,4.24,silver m.o.p orbit drop earrings
90022,3.81,edwardian drop earrings jet black
90071,1.26,ruby glass cluster earrings
90099,5.06,necklace+bracelet set blue hibiscus
90116,2.51,fruit salad bag charm
90120C,4.24,green murano twist bracelet
90129A,1.66,pink glass tassle bag charm
90129B,1.66,turquoise glass tassle bag charm
90161A,5.09,ant copper red boudicca bracelet
90190C,2.96,silver/amethyst drop earrings leaf
90194,4.24,silver lariat black stone earrings
90209B,2.11,green enamel+glass hair comb
90214D,0.85,"letter ""d"" bling key ring"
90214G,0.85,"letter ""g"" bling key ring"
90214H,0.85,"letter ""h"" bling key ring"
90214J,0.85,"letter ""j"" bling key ring"
90214R,0.85,"letter ""r"" bling key ring"
DOT,569.77,dotcom postage
84534B,1.66,fairy cake notebook a5 size
84535B,1.49,fairy cakes notebook a6 size
84536A,0.85,english rose notebook a7 size
84536B,0.85,fairy cakes notebook a7 size
84580,4.21,mouse toy with pink t-shirt
84581,4.21,dog toy with pink crochet skirt
84598,0.43,boys alphabet iron on patches
84912B,3.36,green rose washbag
84913A,3.36,soft pink rose towel
84913B,3.36,mint green rose towel
84923,4.21,pink butterfly handbag w bobbles
84946,2.51,antique silver tea glass etched
84988,2.98,set of 72 pink heart paper doilies
20856,1.65,denim patch purse pink butterfly
20854,1.65,blue patch purse pink heart
21218,3.75,red spotty biscuit tin
22845,6.35,vintage cream cat food container
11001,3.36,asstd design racing car pen
16236,0.43,kitty pencil erasers
17003,0.43,brocade ring purse
17011F,4.21,origami sandlewood incense+flower
17012A,2.51,origami vanilla incense/candle set
17012B,2.51,origami jasmine incense/candle set
17012C,2.51,origami lavender incense/candl set
17012D,2.51,origami rose incense/candle set
17012E,2.51,origami opium incense/candle set
17012F,2.51,origami sandlewood incense/cand set
17129F,1.66,blue glass gems in bag
18098C,5.91,porcelain butterfly oil burner
20622,4.21,vippassport cover
20658,2.51,red retrospot luggage tag
20662,2.51,first class holiday purse
20676,2.51,red retrospot bowl
20684,6.77,strawberry dream childs umbrella
20719,1.66,woodland charlotte bag
20724,1.66,red retrospot charlotte bag
20733,0.85,gold mini tape measure
20735,0.85,black mini tape measure
20770,2.51,abstract circle journal
20835,11.02,french lattice cushion cover
20839,9.32,french paisley cushion cover
20840,9.32,french floral cushion cover
20956,2.51,porcelain t-light holders assorted
20969,7.62,red floral feltcraft shoulder bag
20971,2.51,pink blue felt craft trinket box
20975,1.28,12 pencils small tube red retrospot
20981,1.66,12 pencils tall tube woodland
20996,0.84,jazz hearts address book
21000,3.36,rose du sud cosmetics bag
21012,2.51,antique all glass candlestick
21069,2.51,vintage billboard tea mug
21070,2.51,vintage billboard mug
21147,2.51,jingle bells tree decoration
21158,3.36,moody girl door hanger
21165,4.21,beware of the cat metal sign
21174,4.21,pottering in the shed metal sign
21189,3.36,white honeycomb paper garland
21191,4.21,large white honeycomb paper bell
21195,4.21,pink  honeycomb paper ball
21207,3.36,skull and crossbones  garland
21216,11.02,"set 3 retrospot tea,coffee,sugar"
21217,21.23,red retrospot round cake tins
21231,2.51,sweetheart ceramic trinket box
21238,1.66,red retrospot cup
21249,5.91,woodland  height chart stickers
21262,7.62,white goose feather christmas tree
21313,1.66,glass heart t-light holder
21349,13.57,ivy heart wreath
21352,5.91,eucalyptus & pinecone  wreath
21354,2.51,toast its - best mum
21365,5.91,mirrored wall art stars
21366,8.47,mirrored wall art photo frames
21369,7.62,mirrored wall art splodges
21372,5.91,mirrored wall art table lamp
21385,1.66,ivory hanging decoration  heart
21407,8.47,brown check cat doorstop
21408,8.47,spotty pink duck doorstop
21507,0.85,"elephant, birthday card,"
21563,5.91,red heart shape love bucket
21564,5.91,pink  heart shape love bucket
21634,2.51,assorted mini madras notebook
21641,1.66,assorted tutti frutti keyring ball
21679,1.66,skulls  stickers
21703,0.85,bag 125g swirly marbles
21704,1.66,bag 250g swirly marbles
21721,1.66,candy shop  sticker sheet
21722,1.66,sweet pudding sticker sheet
21758,12.72,vintage shells print
22892,1.25,set of salt and pepper toadstools
22245,0.85,"hook, 1 hanger ,magic garden"
20957,1.45,porcelain hanging bell small
79144B,0.42,painted lightbulb star+ moon
22482,1.25,blue tea towel classic design
21917,0.42,set 12 kids  white chalk sticks
20697,2.55,little green monster soft toy
22599,0.85,christmas musical zinc star
22597,0.85,christmas musical zinc heart
21495,0.42,skulls and crossbones wrap
46000R,1.45,polyester filler pad 45x30cm
46000S,1.45,polyester filler pad 40x40cm
84920,3.75,pink flower fabric pony
22953,1.25,birthday party cordon barrier tape
84508A,2.55,camouflage design teddy
21670,1.25,blue spot ceramic drawer knob
22786,5.95,cushion cover pink union jack
22212,2.1,four hook  white lovebirds
22678,1.25,french blue metal door sign 3
22686,1.25,french blue metal door sign no
84685,3.75,beach hut key cabinet
20616,2.1,cherry blossom passport cover
22753,0.85,small yellow babushka notebook
79066K,0.85,retro mod tray
22794,7.95,sweetheart wire magazine rack
22592,3.75,cardholder holly wreath metal
84352,16.95,silver christmas tree bauble stand
22795,6.75,sweetheart recipe book stand
22278,4.95,overnight bag vintage rose paisley
22802,19.95,faux fur chocolate throw
84884A,3.95,ant white wire heart spiral
51014C,0.85,"feather pen,coal black"
51014L,0.85,"feather pen,light pink"
51014A,0.85,"feather pen,hot pink"
22366,6.75,doormat airmail
48111,6.75,doormat 3 smiley cats
22846,14.95,bread bin diner style red
22402,1.25,magnets pack of 4 vintage collage
22400,1.25,magnets pack of 4 home sweet home
22399,1.25,magnets pack of 4 childhood memory
79302M,2.95,"art lights,funk monkey"
37446,1.45,mini cake stand with hanging cakes
84509B,3.75,set of 4 fairy cake placemats
22313,2.95,office mug warmer pink
21181,2.1,please one person metal sign
21818,0.85,glitter christmas heart
21668,1.25,red stripe ceramic drawer knob
21462,6.75,"nursery a,b,c painted letters"
22496,2.95,set of 2 round tins dutch cheese
84870C,3.75,green geisha girl
84870B,3.75,blue geisha girl
22765,14.95,newspaper stand
21351,6.75,cinammon & orange wreath
22581,0.85,wood stocking christmas scandispot
22579,0.85,wooden tree christmas scandinavian
22572,0.85,rocking horse green christmas
22640,2.55,set of 4 napkin charms 3 keys
22641,2.55,set of 4 napkin charms instrument
22638,2.55,set of 4 napkin charms crowns
22576,0.85,swallow wooden christmas decoration
21817,0.85,glitter christmas tree
21813,4.95,garland with stars and bells
21808,3.75,"christmas garland stars,trees"
21014,0.85,swiss chalet tree decoration
21018,0.85,bird box christmas tree decoration
22946,16.95,wooden advent calendar cream
M,1.25,manual
22660,7.95,doormat i love london
21761,29.95,wood and glass medicine cabinet
21781,14.95,ma campagne cutlery box
22696,1.95,wicker wreath large
84360,5.95,table lamp white shade wood base
35954,0.42,small folkart star christmas dec
84760S,1.45,small hanging glass+zinc lantern
85045,4.95,green christmas tree string 20light
35598B,0.65,black christmas tree 60cm
22578,0.85,wooden star christmas scandinavian
22855,1.25,fine wicker heart
21864,1.69,union jack flag passport cover
15056P,4.6,edwardian parasol pink
85174,4.25,s/4 cacti candles
82615,2.55,pink marshmallow scarf knitting kit
85038,1.69,6 chocolate love heart t-lights
22965,2.1,3 traditional cookie cutters  set
21374,3.75,mirrored wall art skulls
21509,0.42,cowboys and indians birthday card
22025,0.42,ring of roses birthday card
22725,3.75,alarm clock bakelike chocolate
37448,1.49,ceramic cake design spotted mug
22421,0.42,lipstick pen fuschia
84997A,3.75,green 3 piece polkadot cutlery set
21136,1.69,painted metal pears assorted
71477,3.25,colour glass. star t-light holder
22030,0.42,swallows greeting card
90214M,1.25,"letter ""m"" bling key ring"
90214V,1.25,"letter ""v"" bling key ring"
90214S,1.25,"letter ""s"" bling key ring"
21789,0.85,kids rain mac pink
21629,7.95,square floor cushion vintage red
21850,4.95,blue  diamante pen in gift box
20978,1.25,36 pencils tube skulls
20768,2.55,green fern journal
20780,5.49,black ear muff headphones
21398,2.1,red polkadot coffee  mug
21643,1.25,assorted tutti frutti mirror
21620,3.75,set of 4 rose botanical candles
22260,0.85,felt egg cosy blue rabbit
22136,1.65,love heart sock hanger
10135,2.51,colouring pencils brown tube
16168M,0.85,funky monkey gift bag medium
17014A,3.36,origami vanilla incense cones
17084N,0.43,fairy dreams incense
17084P,0.43,dragons blood incense
20617,4.21,first class passport cover
20619,4.21,tropical passport cover
20653,2.51,cherry blossom luggage tag
20681,6.77,pink polkadot childrens umbrella
20682,6.77,red retrospot childrens umbrella
20696,7.62,floral soft car toy
20699,5.06,mousey long legs soft toy
20700,10.17,green cat floral cushion cover
20718,2.51,red retrospot shopper bag
20752,4.21,blue polkadot washing up gloves
20761,7.62,blue paisley sketchbook
20846,2.51,zinc heart lattice t-light holder
20931,7.62,blue pot plant candle
21002,3.36,rose du sud drawstring bag
21015,1.28,dark bird house tree decoration
21067,2.51,vintage red teatime mug
21109,13.57,"large cake towel, chocolate spots"
21110,13.57,large cake towel pink spots
21128,12.72,gold fishing gnome
21164,5.91,home sweet home metal sign
21188,5.91,3d hearts  honeycomb paper garland
21208,3.36,pastel colour honeycomb fan
21220,2.51,set/4 badges dogs
21272,2.51,salle de bain hook
21279,5.06,vintage kitchen print fruits
21281,5.06,vintage kitchen print seafood
21288,5.91,stripey chocolate nesting boxes
21356,2.51,toast its - fairy flower
21439,2.51,basket of toadstools
21447,2.51,12 ivory rose peg place settings
21537,8.47,red retrospot pudding bowl
21547,5.91,ceramic birdhouse crested tit small
21594,4.21,dr. jam's arouzer stress ball
21638,4.21,assorted tutti frutti notebook
21648,2.51,assorted tutti frutti small purse
21656,3.36,ridged glass posy vase
21671,2.51,red spot ceramic drawer knob
21684,2.51,small medina stamped metal bowl
21698,1.66,mock lobster fridge magnet
21700,8.47,big doughnut fridge magnets
21745,8.47,gaolers keys decorative garden
21775,2.51,decorative flore bathroom bottle
21820,7.62,glitter heart garland with bells
21830,0.85,assorted creepy crawlies
21846,4.21,pink diamante pen in gift box
21868,3.36,potting shed tea mug
21875,3.36,kings choice mug
21896,4.21,potting shed twine
21899,1.66,"key fob , garage design"
21906,13.57,pharmacie first aid tin
21908,4.21,chocolate this way metal sign
21974,2.98,set of 36 paisley flower doilies
22078,4.21,ribbon reel lace design
22084,5.91,paper chain kit empire
22091,2.51,empire tissue box
22124,2.51,set of 2 tea towels ping microwave
22165,11.02,"diamante heart shaped wall mirror,"
22184,8.47,cake stand victorian filigree large
22208,3.36,wood stamp set thank you
22246,4.21,magic garden felt garland
22283,16.13,6 egg house painted wood
22304,5.06,coffee mug blue paisley design
22308,5.06,tea cosy blue stripe
22317,5.91,five cats hanging decoration
22324,4.21,blue polkadot kids bag
22325,11.87,mobile vintage hearts
22331,3.36,woodland party bag + sticker set
22342,3.36,home garland painted zinc
22350,5.06,illustrated cat bowl
22393,5.06,paperweight vintage collage
22405,2.51,money box pocket money design
22409,2.51,money box biscuits design
22420,0.85,lipstick pen baby pink
22425,10.17,enamel colander cream
22458,5.06,cast iron hook garden fork
22459,5.06,cast iron hook garden trowel
22499,12.72,wooden union jack bunting
22503,59.53,cabin bag vintage paisley
22536,0.85,magic drawing slate purdey
22586,1.66,feltcraft hairband pink and blue
22602,1.66,christmas retrospot heart wood
22649,11.02,strawberry fairy cake teapot
22668,5.91,pink baby bunting
22673,2.51,french garden sign blue metal
22692,7.95,doormat welcome to our home
22746,4.21,poppy's playhouse livingroom
22747,4.21,poppy's playhouse bathroom
22756,2.51,large yellow babushka notebook
22788,20.38,brocante coat rack
22831,5.91,white brocante soap dish
22841,16.13,round cake tin vintage green
22863,5.91,soap dish brocante
22870,4.21,number tile cottage garden 2
22890,20.38,novelty biscuits cake stand 3 tier
22897,2.98,oven mitt apples design
22898,4.21,childrens apron apples design
22944,16.13,christmas metal postcard with bells
22977,2.51,dolly girl childrens egg cup
35637A,19.53,ivory string curtain with pole
35916B,1.66,blue felt hanging heart w flower
35916C,1.66,pink felt hanging heart w flower
35964,1.66,folkart clip on stars
35965,3.36,folkart heart napkin rings
35967,1.66,folk art metal star t-light holder
37450,5.91,ceramic cake bowl + hanging cakes
37491A,3.36,yellow/pink ceramic candle holder
46775D,11.02,sunset colour chunky knitted throw
46776B,4.21,woven berries cushion cover
47566B,8.47,tea time party bunting
47567B,12.72,tea time kitchen apron
47590A,11.02,blue happy birthday bunting
47590B,11.02,pink happy birthday bunting
47594A,4.21,carousel design washbag
70006,3.36,love heart pocket warmer
71496A,1.49,a4 wall tidy blue office
72134,1.66,columbian  cube candle
79067,8.47,corona mexican tray
82582,4.21,area patrolled metal sign
82599,4.21,fanny's rest stopmetal sign
82616C,2.51,midnight glamour scarf knitting kit
84459B,3.36,yellow metal chicken heart
84520B,1.66,pack 20 english rose paper napkins
84559A,1.69,3d sheet of dog stickers
84559B,1.69,3d sheet of cat stickers
84596J,2.51,mixed nuts light green bowl
84609,16.98,tall rococo candle holder
84659A,2.51,white travel alarm clock
84663A,5.91,grass hopper wooden wall clock
84828,2.51,jungle popsicles ice lolly holders
84856L,11.87,large tahiti beach bag
84915,4.21,hand towel pink flower and daisy
84950,0.99,assorted colour t-light holder
84976,3.36,rectangular shaped mirror
85008,10.17,set of 3 coney island oval boxes
85040B,3.36,set/4 blue flower candles in bowl
85053,4.21,french enamel candleholder
85114A,3.36,black enchanted forest placemat
85131D,0.85,beaded crystal heart pink on stick
85170D,4.21,set/6 pink bird t-light candles
85212,1.66,mini painted garden decoration
85227,1.66,set of 6 3d kit cards for kids
85232D,10.17,set/3 decoupage stacking tins
90013B,4.24,black vintage earrings
90018B,4.24,gold m.o.p orbit drop earrings
90019B,5.51,gold m.o.p orbit bracelet
90024C,8.49,new baroque b'fly necklace green
90036F,8.07,"flower glass garld neckl36""turquois"
90040B,3.81,murano style glass bracelet black
90051,7.22,cracked glaze necklace red
90054,2.54,cracked glaze earrings red
90077,2.96,black diamond cluster earrings
90124B,10.17,blue murano twist necklace
90134,2.96,old rose combo bead necklace
90138,5.51,white/pink mini crystals necklace
90161B,5.09,ant copper turq boudicca bracelet
90166,4.24,pink & white rosebud ring
90173,3.81,pair butterfly hair clips
90177C,2.96,drop diamante earrings crystal
90177E,2.96,drop diamante earrings green
90181B,9.34,amethyst glass/shell/pearl necklace
90192,5.09,jade drop earrings w filigree
90206C,5.09,crystal diamante star brooch
90209C,2.11,pink enamel+glass hair comb
90211A,5.94,diamond las vegas necklace 45cm
90214A,0.85,"letter ""a"" bling key ring"
90214E,0.85,"letter ""e"" bling key ring"
20970,3.75,pink floral feltcraft shoulder bag
84658,6.95,white stitched cushion cover
22448,3.35,pin cushion babushka red
22447,3.35,pin cushion babushka blue
22446,3.35,pin cushion babushka pink
20665,2.95,red retrospot purse
21472,3.75,ladybird + bee raffia food cover
21877,1.25,home sweet home mug
22524,1.25,childrens garden gloves blue
20765,3.75,chrysanthemum sketchbook
21624,5.95,vintage union jack doorstop
84926A,1.25,wake up cockerel tile coaster
85035C,4.25,rose 3 wick morris box candle
72803A,4.25,rose scent candle jewelled drawer
40001,0.85,white bamboo ribs lampshade
21709,4.95,folding umbrella chocolate polkadot
22220,9.95,cake stand lovebird 2 tier white
85034A,4.25,3 gardenia morris boxed candles
72798C,1.65,set/4 garden rose dinner candle
35271S,0.19,gold print paper bag
21380,2.95,wooden happy birthday garland
21221,1.25,set/4 badges cute creatures
20755,0.85,blue paisley pocket book
21421,1.25,porcelain rose large
21422,0.85,porcelain rose small
22617,4.25,baking set spaceboy design
21364,6.75,peace small wood letters
21042,5.95,red retrospot apron
22272,2.95,feltcraft doll maria
21172,1.45,party metal sign
72760B,9.95,vintage cream 3 basket cake stand
22365,7.95,doormat respectable house
22507,4.95,memo board retrospot  design
62096A,1.25,pink/yellow flowers handbag
85071D,2.55,charlie+lola my room door sign
22044,0.42,christmas card stack of presents
21918,0.42,set 12 kids colour  chalk sticks
22029,0.42,spaceboy birthday card
21360,9.95,joy large wood letters
84077,0.29,world war 2 gliders asstd designs
84792,4.65,enchanted bird coathanger 5 hook
85175,0.42,cacti t-light candles
20893,2.1,hanging bauble t-light holder small
22440,0.42,balloon water bomb pack of 35
22434,1.95,balloon pump with 10 balloons
22564,1.25,alphabet stencil craft
21215,0.42,ivory paper cup cake cases
21058,0.85,party invites woodland
21060,0.85,party invites balloon girl
21719,0.85,lovely bonbon sticker sheet
84826,0.85,asstd design 3d paper stickers
21881,0.65,cute cats tape
22491,0.85,pack of 12 coloured pencils
21355,1.25,toast its - i love you
21518,0.42,bank account  greeting  card
22023,0.42,empire birthday card
22027,0.42,tea party birthday card
22718,0.42,card cat and tree
22717,0.42,card dog and ball
22028,0.42,penny farthing birthday card
21669,1.25,blue stripe ceramic drawer knob
21673,1.25,white spot blue ceramic drawer knob
22460,1.25,embossed glass tealight holder
22433,1.95,watering can green dinosaur
22431,1.95,watering can blue elephant
84674,2.95,flying pig watering can
22676,1.25,french blue metal door sign 1
22672,1.65,french bathroom sign blue metal
22777,8.5,glass bell jar large
22924,0.85,fridge magnets la vie en rose
22832,10.75,brocante shelf with hooks
20674,1.25,green polkadot bowl
22170,6.75,picture frame wood triple portrait
21428,4.25,set3 book box green gingham flower
22840,7.95,round cake tin vintage red
79191C,0.85,retro plastic elephant tray
47471,0.65,rainbow pegs photo clip string
16046,0.85,teatime pen case & pens
22796,9.95,photo frame 3 classic hanging
22733,1.25,3d traditional christmas stickers
22559,1.25,seaside flying disc
22896,2.55,peg bag apples design
20967,3.75,grey floral feltcraft shoulder bag
21430,3.75,set/3 red gingham rose storage box
22070,3.75,small red retrospot mug in box
20983,0.85,12 pencils tall tube red retrospot
21527,7.95,red retrospot traditional teapot
21538,3.75,dairy maid  pudding bowl
85216,0.65,assorted cakes fridge magnets
22131,1.95,food container set 3 love heart
21163,1.45,do not touch my stuff door hanger
21161,1.45,keep out boys door hanger
21159,1.45,moody boy  door hanger
21390,1.25,filigris heart with butterfly
22285,1.65,"decoration hen on nest, hanging"
22284,1.65,hen house decoration
21383,0.65,pack of 12 sticky bunnies
21381,1.69,mini wooden happy birthday garland
22210,1.65,wood stamp set best wishes
22209,1.65,wood stamp set happy birthday
21872,1.25,glamorous  mug
85035A,4.25,gardenia 3 wick morris boxed candle
22761,24.95,chest 7 drawer ma campagne
22385,1.95,jumbo bag spaceboy design
22374,4.25,airline bag vintage jet set red
21741,2.95,cosy slipper shoes large green
85061W,0.85,white jewelled heart decoration
40016,0.42,chinese dragon paper lanterns
22202,3.75,milk pan pink polkadot
21064,5.95,boom box speaker boys
84341B,0.85,small pink magic christmas tree
84509G,3.75,set of 4 fairy cake placemats
16235,0.21,recycled pencil with rabbit eraser
20986,1.25,blue calculator ruler
20832,0.85,red flock love heart photo frame
84846A,2.1,scented candle in digitalis tin
22442,7.95,grow your own flowers set of 3
21769,79.95,vintage post office cabinet
20798,2.1,clear milkshake glass
22320,5.95,birds mobile vintage design
21561,2.55,dinosaur lunch box with cutlery
85132B,9.95,charlie and lola table tins
85132C,9.95,charlie and lola figures tins
22215,8.5,cake stand white two tier lace
20675,1.25,blue polkadot bowl
21239,0.85,pink  polkadot cup
21987,0.65,pack of 6 skull paper cups
21988,0.85,pack of 6 skull paper plates
21989,0.85,pack of 20 skull paper napkins
22316,1.25,200 bendy skull straws
22332,1.65,skulls party bag + sticker set
21206,1.65,strawberry honeycomb  garland
20677,1.25,pink polkadot bowl
22806,2.95,set of 6 t-lights wedding cake
22893,0.42,mini cake stand t-light holder
85159A,6.35,"black tea,coffee,sugar jars"
21784,9.95,shoe shine box
22849,16.95,bread bin diner style mint
17090D,1.25,vanilla incense 40 cones in tin
17090A,1.25,lavender incense 40 cones in tin
72127,1.25,columbian candle round
72133,1.25,columbian candle rectangle
84763,1.25,zinc finish 15cm planter pots
22450,3.35,silk purse babushka blue
10124G,0.42,army camo bookcover tape
84519B,2.95,carrot charlie+lola coaster set
22505,4.95,memo board cottage design
22514,2.1,childs garden spade blue
21504,0.42,skulls greeting card
22292,1.45,hanging chick  yellow decoration
21211,1.45,set of 72 skull paper  doilies
22045,0.42,spaceboy gift wrap
90175C,8.95,blue glass chunky charm bracelet
90180A,9.95,black+white necklace w tassel
90178A,11.95,amber chunky glass+bead necklace
22986,0.42,gingham rose wrap
20984,0.85,12 pencils tall tube posy
22436,0.65,12 coloured party balloons
21465,3.75,pink flower crochet food cover
21470,3.75,flower vine raffia food cover
16012,0.21,food/drink sponge stickers
85025C,1.65,pink heart shape photo frame
21849,4.95,silver diamante pen in gift box
85124B,2.55,blue juicy fruit photo frame
85124C,2.55,green juicy fruit photo frame
20828,2.55,glitter butterfly clips
21623,9.95,vintage union jack memoboard
16156S,0.42,wrap pink fairy cakes
85049F,1.25,baby boom ribbons
22426,3.75,enamel wash bowl cream
90082D,6.35,diamante bow brooch black colour
90082A,6.35,diamante bow brooch green colour
90082B,6.35,diamante bow brooch red colour
90081A,4.95,lily brooch amethyst colour
90204,3.35,pair of enamel butterfly hairclip
90185B,4.25,amethyst diamante expandable ring
90195A,8.95,purple gemstone bracelet
90195B,8.95,black gemstone bracelet
90196A,12.75,purple gemstone necklace 45cm
90199A,6.35,5 strand glass necklace black
90186A,2.95,amethyst hoop earring floral leaf
20894,2.95,hanging bauble t-light holder large
85106,2.55,cut glass hexagon t-light holder
21415,2.1,clam shell small
21416,3.75,clam shell large
21417,2.1,cockle shell dish
22343,0.85,party pizza dish red retrospot
22474,4.95,spaceboy tv dinner tray
18097A,2.55,pink tall porcelain t-light holder
18097C,2.55,white tall porcelain t-light holder
21902,0.65,"key fob , front  door"
21901,0.65,"key fob , back door"
21948,1.25,set of 6 cake chopsticks
20759,0.85,chrysanthemum pocket book
20760,0.85,garden path pocket book
20757,0.85,red daisy pocket book
85185D,2.95,frog sock puppet
85185B,2.95,pink horse sock puppet
22439,0.65,6 rocket balloons
79164,1.65,black wine glass
84683,1.25,classical rose candlestand
79163,1.65,black champagne glass
22175,2.95,pink owl soft toy
21155,2.1,red retrospot peg bag
15060B,3.75,fairy cake design umbrella
22985,0.42,"wrap, billboard fonts design"
22821,0.65,gift bag psychedelic apples
22705,0.42,wrap green pears
72801C,1.25,4 rose pink dinner candles
72801D,1.25,4 sky blue dinner candles
21735,12.75,two door curio cabinet
21500,0.42,pink polkadot wrap
15036,0.75,assorted colours silk fan
BANK CHARGES,15.0,bank charges
21539,4.95,red retrospot butter dish
22341,1.65,love garland painted zinc
22452,2.55,measuring tape babushka pink
21508,0.36,vintage kid dolly card
21499,0.34,blue polkadot wrap
84952C,1.25,mirror love bird t-light holder
84952B,1.25,black love bird t-light holder
35001G,3.39,hand open shape gold
22264,0.85,felt farm animal white bunny
22181,0.85,snowstorm photo frame fridge magnet
21392,2.1,red polkadot pudding bowl
21393,2.1,blue polkadot pudding bowl
21268,0.42,vintage blue tinsel reel
85144,7.25,jardin etched glass butter dish
21025,1.25,space frog
21031,1.25,space cadet black
21030,1.25,space cadet red
21026,1.25,space owl
21032,1.25,space cadet white
21578,2.25,woodland design  cotton tote bag
21357,1.25,toast its - dinosaur
20766,3.75,garden path sketchbook
21399,2.1,blue polkadot coffee mug
22562,1.25,monsters stencil craft
21714,1.25,citronella candle garden pot
20751,2.1,funky washing up gloves assorted
22636,8.5,childs breakfast set circus parade
21426,2.1,woodland storage box small
21581,2.25,skulls  design  cotton tote bag
90002D,3.75,flower burst silver ring crystal
21900,0.65,"key fob , shed"
22031,0.42,botanical lavender birthday card
21788,0.85,kids rain mac blue
22408,1.25,money box confectionery design
22406,1.25,money box kings choice design
22275,7.65,weekend bag vintage rose paisley
22042,0.42,christmas card singing angel
22089,2.95,paper bunting vintage paisley
85066,12.75,cream sweetheart mini chest
21129,6.95,silver fishing gnome
21059,0.85,party invites dinosaurs
22877,1.95,number tile cottage garden 9
22869,1.95,number tile cottage garden 1
22878,2.1,number tile cottage garden no
21240,0.85,blue polkadot cup
21927,1.25,blue/cream stripe cushion cover
21925,1.25,union stripe cushion cover
22763,9.95,key cabinet ma campagne
22334,1.65,dinosaur party bag + sticker set
22655,295.0,vintage red kitchen cabinet
22060,9.95,large cake stand hanging hearts
22061,9.95,large cake stand  hanging strawbery
21531,2.55,red retrospot sugar jam bowl
21039,2.55,red retrospot shopping bag
21157,2.1,red retrospot washbag
16161P,0.42,wrap english rose
16161M,0.42,wrap  pink flock
85214,1.65,tub 24 pink flower pegs
72232,0.19,feng shui pillar candle
84247G,0.42,"decoupage,greeting card,"
21530,2.95,dairy maid toastrack
21528,6.95,dairy maid traditional teapot
21114,1.25,lavender scented fabric heart
20615,2.1,blue polkadot passport cover
47021G,1.25,set/6 bead coasters gauze bag gold
22443,7.95,grow your own herbs set of 3
21807,0.42,white christmas star decoration
22689,6.75,doormat merry christmas red
22591,2.55,cardholder gingham christmas tree
22504,29.95,cabin bag vintage retrospot
22158,2.95,3 hearts hanging decoration rustic
22621,1.45,traditional knitting nancy
79000,0.85,moroccan tea glass
85049B,1.25,lush greens ribbons
21878,0.85,pack of 6 sandcastle flags assorted
85131A,1.25,beaded pearl heart white on stick
15056bl,12.72,edwardian parasol black
15056p,12.72,edwardian parasol pink
20941,2.51,frog candle
21066,2.51,vintage red mug
21205,5.06,multicolour 3d balls garland
21361,25.49,love large wood letters
21876,3.36,pottering mug
22167,20.38,oval wall mirror diamante
22200,8.47,frying pan pink polkadot
22412,4.21,metal sign neighbourhood witch
22525,3.36,childrens garden gloves pink
47566b,8.47,tea time party bunting
72349b,4.21,set/6 purple butterfly t-lights
84872a,11.02,teatime funky flower backpack for 2
84970l,2.13,single heart zinc t-light holder
84970s,2.13,hanging heart zinc t-light holder
85039a,3.36,set/4 red mini rose candle in bowl
10123C,0.65,hearts wrapping tape
10120,0.21,doggy rubber
84006,0.85,magic tree -paper flowers
20767,2.55,blue paisley journal
90094,2.55,necklace+bracelet set fruit salad
21882,0.65,skulls tape
20886,4.21,box of 9 pebble candles
21945,1.66,strawberries  design flannel
22133,1.66,pink love heart shape cup
22456,10.17,natural slate chalkboard large
22891,8.47,tea for one polkadot
47566,9.32,party bunting
18098c,5.06,porcelain butterfly oil burner
20655,2.51,queen of skies luggage tag
21100,4.21,charlie and lola charlotte bag
21201,5.06,tropical  honeycomb paper garland
21558,5.06,skull lunch box with cutlery
21865,4.21,pink union jack  passport cover
22132,1.66,red love heart shape cup
22166,16.13,wall mirror rectangle diamante pink
22518,4.21,childs garden brush blue
22628,10.17,picnic boxes set of 3 retrospot
84509c,7.62,set of 4 polkadot placemats
84534b,1.66,fairy cake notebook a5 size
84559a,1.69,3d sheet of dog stickers
84596e,2.51,small licorice des pink bowl
84884a,8.47,ant white wire heart spiral
85014a,12.72,black/blue polkadot umbrella
85014b,12.72,red retrospot umbrella
85036b,8.47,chocolate 1 wick morris box candle
72803b,8.47,ocean scent candle jewelled drawer
84993A,0.42,75 green petit four cases
84987,1.45,set of 36 teatime paper doilies
20998,2.95,rose du sud oven glove
22702,2.1,black and white cat bowl
84925D,2.55,la palmiera wall thermometer
21078,0.85,set/20 strawberry paper napkins
22105,4.21,mirror mosaic goblet candle holder
22163,3.36,heart string memo holder hanging
22216,1.66,t-light holder white lace
22248,1.66,decoration  pink chick magic garden
22250,1.66,decoration  butterfly  magic garden
22251,2.51,birdhouse decoration magic garden
22255,1.66,felt toadstool  small
22288,2.51,hanging metal rabbit decoration
22363,5.91,glass jar marmalade
22395,5.06,paperweight vintage paisley
22483,5.91,red gingham teddy bear
22546,0.85,mini jigsaw purdey
22609,1.66,pens assorted spaceball
22762,29.79,cupboard 3 drawer ma campagne
22811,5.91,set of 6 t-lights cacti
22882,4.21,number tile vintage font 3
22884,4.21,number tile vintage font 5
22908,1.66,pack of 20 napkins red apples
35599B,5.91,black christmas tree 120cm
44234,1.66,assorted circular mobile
71143,2.51,silver book mark with beads
72351A,4.21,set/6 turquoise butterfly t-lights
75049L,2.51,large circular mirror mobile
75131,3.36,metal tube chime on bamboo
79191B,1.66,retro plastic polka tray
82001S,7.62,vinyl record frame silver
84270,0.21,asstd design bubble gum ring
84660C,7.62,pink stitched wall clock
84661B,5.06,black square table clock
84673B,1.28,blue fly swat
84927A,4.21,wake up cockerel tile hook
84927F,4.21,psychedelic tile hook
85025B,3.36,eau de nile heart shape photo frame
85054,5.91,french enamel pot w lid
85055,7.62,french enamel utensil holder
85167B,8.47,black grand baroque photo frame
85169A,2.51,ivory love bird candle
85169C,2.51,eau de nil love bird candle
85169D,2.51,pink love bird candle
85203,0.84,hanging wood and felt butterfly
90000D,6.37,copper/olive green flower necklace
90003E,3.81,green pair heart hair slides
90028,8.49,new baroque large necklace blk/whit
90060F,5.94,fire polished glass neckl green
90114,2.51,summer daisies bag charm
90115,2.51,summer butterflies bag charm
90120B,4.24,blue murano twist bracelet
90141A,5.51,green pendant triple shell necklace
90199B,6.37,5 strand glass necklace amethyst
90205A,1.69,large mint diamante hairslide
90214B,0.85,"letter ""b"" bling key ring"
90214C,0.85,"letter ""c"" bling key ring"
90214F,0.85,"letter ""f"" bling key ring"
90214I,0.85,"letter ""i"" bling key ring"
90214L,0.85,"letter ""l"" bling key ring"
90214N,0.85,"letter ""n"" bling key ring"
90214Y,0.85,"letter ""y"" bling key ring"
16218,2.13,cartoon  pencil sharpeners
16225,3.36,rattle snake eggs
20686,6.77,dolly mixture children's umbrella
21200,1.65,multicolour honeycomb paper garland
21051,4.21,ribbons purse
21112,5.91,"swiss roll towel, pink  spots"
21219,2.51,set/4 badges balloon girl
21224,2.51,set/4 skull badges
21261,7.62,green goose feather christmas tree
21263,5.91,green goose feather tree 60cm
21286,5.06,retrospot candle  large
21446,2.51,12 red rose peg place settings
21619,7.62,4 vanilla botanical candles
21640,1.66,assorted tutti frutti  fob notebook
21675,1.66,butterflies stickers
21725,1.66,sweeties  stickers
21828,2.51,eight piece snake  set
21829,0.43,dinosaur keyrings assorted
21903,4.21,man flu metal sign
21936,5.91,red retrospot picnic bag
22959,0.42,wrap christmas village
17084R,0.16,assorted incense pack
17091J,0.85,vanilla incense in tin
21027,1.25,ninja rabbit pink
84539,1.65,knitted rabbit doll
90096,2.55,necklace+bracelet set blue blossom
21095,0.85,set/6 posies paper plates
85018D,2.55,yuletide images s/6 paper boxes
22732,1.25,3d vintage christmas stickers
47503J,7.95,set/3 floral garden tools in bag
37464,1.25,robot mug in display box
84247N,2.95,pack/12 blue folkart cards
84247K,2.95,"folk art greeting card,pack/12"
22035,0.42,vintage caravan greeting card
21250,2.95,set of skull wall stickers
21677,0.85,hearts  stickers
47504K,1.95,english rose garden secateurs
84212,0.65,"assorted flower colour ""leis"""
21377,1.65,small camphor wood field  mushroom
21379,1.25,camphor wood portobello mushroom
37489D,1.95,pink/green flower design big mug
17107D,2.55,"flower fairy,5 summer b'draw liners"
37489B,1.95,blue/yellow flower design big mug
37489C,1.95,green/blue flower design big mug
21932,2.95,scandinavian paisley picnic bag
21933,2.95,pink vintage paisley picnic bag
37489A,1.95,yellow/pink flower design big mug
22072,3.75,red retrospot tea cup and saucer
21905,2.1,more butter metal sign
22414,7.95,doormat neighbourhood witch
22116,2.95,metal sign his dinner is served
85130A,1.65,beaded pearl heart white large
85129C,1.25,beaded crystal heart blue small
84849A,1.69,hello sailor blue soap holder
22137,2.95,bathroom set love heart design
85230B,0.29,cinnamon scented votive candle
85230F,0.29,jasmine votive candle
22306,1.95,silver mug bone china tree of life
20734,2.51,silver mini tape measure
20960,2.51,watermelon bath sponge
35970,4.21,zinc folkart sleigh bells
47559b,3.36,tea time oven glove
47591d,5.06,pink fairy cake childrens apron
48173c,16.98,doormat black flock
82494l,8.47,wooden frame antique white
84030e,8.47,english rose hot water bottle
84997b,8.47,red 3 piece retrospot cutlery set
84997c,8.47,blue 3 piece polkadot cutlery set
84997d,8.47,pink 3 piece polkadot cutlery set
85049a,3.36,traditional christmas ribbons
85049e,3.36,scandinavian reds ribbons
85099f,5.06,jumbo bag strawberry
85123a,6.77,white hanging heart t-light holder
84849D,1.69,hot baths soap holder
84507C,2.55,blue circles design monkey doll
20910,6.35,vintage photo album paris days
82616B,2.95,frappucino scarf knitting kit
90128B,1.25,blue leaves and beads phone charm
90196B,12.75,black gemstone necklace 45cm
90198B,4.25,vintage rose bead bracelet black
90152B,5.95,blue/green shell necklace w pendant
90151,8.5,silver/natural shell necklace
20661,2.95,blue polkadot purse
20652,1.25,blue polkadot luggage tag
21845,2.95,dairy maid stripe mug
22398,1.25,magnets pack of 4 swallows
84877D,3.75,blue round compact mirror
20657,1.25,tropical luggage tag
47422,0.42,assorted monkey suction cup hook
21642,0.85,assorted tutti frutti pen
47503H,1.95,ass floral print spirit level
72130,0.65,columbian candle round
72128,0.85,columbian candle round
47343A,1.49,fuschia flower purse with beads
72802A,4.25,rose scent candle in jewelled box
72802B,4.25,ocean scent candle in jewelled box
21054,8.95,nurse's bag soft toy
22339,0.65,christmas tree painted zinc
22337,0.65,angel decoration painted zinc
84562A,7.95,pink/white ribbed melamine jug
21040,2.55,modern vintage cotton shopping bag
21937,2.95,strawberry   picnic bag
22701,2.95,pink dog bowl
22362,2.95,glass jar peacock bath salts
82011C,3.75,bathroom scales footprints in sand
84865,8.5,new baroque black photo album
21287,1.25,scented velvet lounge candle
79337,1.65,blue flock glass candleholder
85111,1.25,silver glitter flower votive holder
22307,1.95,gold mug bone china tree of life
85078,0.65,scandinavian 3 hearts napkin ring
85036B,4.25,chocolate 1 wick morris box candle
85034C,4.25,3 rose morris boxed candles
84614A,5.95,pink baroque flock candle holder
22509,16.95,sewing box retrospot design
90145,5.95,silver hoop earrings with flower
90143,7.5,silver bracelet w pastel flower
90010A,8.95,midnight blue glass/silver bracelet
90010B,8.95,black/white glass/silver bracelet
90050,6.95,cracked glaze necklace ivory
90053,2.55,cracked glaze earrings ivory
21275,0.0,?
20829,2.1,glitter hanging butterfly string
21947,1.25,set of 6 heart chopsticks
21726,0.85,multi hearts  stickers
22671,1.65,french laundry sign blue metal
20936,2.95,forked cactus candle
84924A,3.75,wake up cockerel calendar sign
35810B,2.1,enamel blue rim coffee container
35241,4.95,enamel blue rim biscuit bin
17109D,1.69,flower fairy incense bouquet
21011,1.45,glitter snow pear tree decoration
22853,3.25,cat bowl vintage cream
85034B,4.25,3 white choc morris boxed candles
72800D,2.55,4 blue dinner candles silver flock
84819,4.25,danish rose round sewing box
90185D,4.25,crystal diamante expandable ring
90175A,8.95,white glass chunky charm bracelet
22079,1.65,ribbon reel hearts design
90162B,2.95,ant silver lime green boudicca ring
90162D,2.95,ant silver purple boudicca ring
21626,1.95,vintage union jack pennant
90167,0.85,beaded love heart jewellery set
22403,1.25,magnets pack of 4 vintage labels
22563,1.25,happy stencil craft
84827,0.65,ass des phone sponge craft sticker
22799,8.5,sweetheart wire fruit bowl
22305,2.55,coffee mug pink paisley design
84898F,2.1,yellow flowers felt handbag kit
22415,7.95,white tissue ream
22256,1.25,felt farm animal chicken
47310M,1.25,"small pop box,funky monkey"
84508B,2.55,stripes design teddy
21555,2.55,ceramic strawberry trinket tray
22390,2.55,paperweight childhood memories
84963A,42.95,pink painted kashmiri chair
72349B,2.1,set/6 purple butterfly t-lights
84993B,0.42,75 black petit four cases
85206A,1.65,cream felt easter egg basket
22021,1.65,blue felt easter egg basket
84596G,1.25,small chocolates pink bowl
21445,1.25,12 pink rose peg place settings
77101A,1.25,union flag windsock
84358,9.95,floor lamp shade wood base
21294,1.25,etched glass coaster
21468,3.75,butterfly crochet food cover
22123,5.95,ping microwave apron
22939,4.95,apron apple delight
21836,3.75,gingham oven glove red heart
71279,2.95,pink glass candleholder
22598,0.85,christmas musical zinc tree
22532,0.42,magic drawing slate leap frog
21413,1.25,periwinkle t-light holder
79149B,0.42,silicon star bulb  blue
21682,4.95,large medina stamped metal bowl
78034B,1.95,blue netting storage hanger
22894,8.5,tablecloth red apples design
79151B,0.42,"silicon cube 25w, blue"
21090,0.85,set/6 collage paper plates
21209,1.65,multicolour honeycomb fan
22354,3.75,retrospot padded seat cushion
21635,3.75,madras notebook large
35653,2.95,vintage bead notebook
85130D,1.65,beaded crystal heart pink large
15039,0.85,sandalwood fan
84978,1.25,hanging heart jar t-light holder
84569D,1.25,pack 6 heart/ice-cream patches
84921,3.75,cream and pink flowers pony
84508C,2.55,blue circles design teddy
90086,0.85,crystal frog phone charm
62018,1.95,sombrero
16011,0.21,animal stickers
85179A,4.65,green bitty light chain
21785,0.85,rain poncho
21650,0.65,assorted tutti frutti bracelet
84874B,1.65,blue travel first aid kit
22674,1.25,french toilet sign blue metal
72051S,0.42,bag of silver stones
20764,3.75,abstract circles sketchbook
47579,2.1,tea time breakfast basket
21723,0.85,alphabet hearts sticker sheet
35953,1.25,folkart star christmas decorations
84051,0.85,ass colour glowing tiaras
21187,1.65,white bell honeycomb paper garland
21696,2.95,small silver trellis candlepot
22034,0.42,robin christmas card
20980,1.25,36 pencils tube posy
35958,0.85,folkart zinc star christmas dec
75013B,1.65,"string of 8 butterflies,pink"
22830,26.95,utilty cabinet with hooks
22684,1.25,french blue metal door sign 9
82011B,3.75,bathroom scales rubber ducks
21630,8.95,floor cushion elephant carnival
21580,2.25,rabbit  design  cotton tote bag
22231,1.45,jigsaw tree with birdhouse
22859,1.65,easter tin bunny bouquet
22860,1.65,easter tin chicks pink daisy
22093,1.25,motoring tissue box
20748,12.75,kensington coffee set
85208,2.1,set/12 funky felt flower peg in bag
22129,0.85,party cones candy tree decoration
22808,2.95,set of 6 t-lights easter chicks
20702,4.25,pink padded mobile
85187,1.65,s/12 mini rabbit easter
21683,2.95,medium medina stamped metal bowl
22770,14.95,mirror cornice
84563B,5.95,blue & white breakfast tray
79190A,0.42,retro plastic 70's tray
15034,0.14,paper pocket traveling fan
85129B,1.25,beaded crystal heart green small
35924,2.1,hanging fairy cake decoration
20671,1.25,blue teatime print bowl
21904,2.1,house wrecking metal sign
22843,6.75,biscuit tin vintage green
22199,4.25,frying pan red retrospot
84968A,12.75,set of 16 vintage rose cutlery
37509,2.55,new england mug w gift box
47369A,2.95,pink green embroidery cosmetic bag
47369B,2.95,blue green embroidery cosmetic bag
47367B,3.75,pair padded hangers pink check
21695,2.95,small silver flower candle pot
84773,2.95,red rose and lace c/cover
21424,2.95,woodland storage box large
21819,0.85,glitter christmas star
22817,0.42,card suki birthday
16161U,0.42,wrap suki and friends
22252,1.25,birdcage decoration tealight holder
21401,0.42,blue pudding spoon
84597C,1.25,retro pink ball ashtray
51020A,1.25,summer fun design shower cap
51020B,1.25,stripy design shower cap
21306,2.1,set/4 daisy mirror magnets
21311,2.1,set/4 bird mirror magnets
21307,2.1,set/4 butterfly mirror magnets
21277,21.95,french style embossed heart cabinet
22475,4.95,skull design tv dinner tray
90200E,4.25,green sweetheart bracelet
90062,12.75,carnival bracelet
21616,3.75,4 pear botanical dinner candles
37461,1.25,funky monkey mug
20659,1.25,economy luggage tag
20985,1.25,heart calculator
84596L,1.25,biscuits small bowl light blue
84596F,1.25,small marshmallows pink bowl
22346,0.85,party pizza dish green polkadot
22344,0.85,party pizza dish pink polkadot
85215,0.65,assorted cheese fridge magnets
85062,1.65,pearl crystal pumpkin t-light hldr
22984,0.42,card gingham rose
85036C,4.25,rose 1 wick morris boxed candle
21202,1.65,dolly honeycomb garland
84531A,1.95,pink knitted egg cosy
84531B,1.95,blue knitted egg cosy
21910,1.65,way out metal sign
22461,12.75,savoy art deco clock
22833,49.95,hall cabinet with 3 drawers
22690,7.95,doormat home sweet home blue
84881,6.35,blue wire spiral candle holder
21613,2.95,s/12 vanilla  botanical t-lights
21693,2.95,small hammered silver candlepot
84809A,2.1,white chrysanthemums art flower
79190D,0.42,retro plastic daisy tray
22157,0.85,angel decoration with lace padded
84795B,7.95,sunset check hammock
20771,2.55,chrysanthemum  journal
37327,1.69,asstd multicolour circles mug
85027L,7.95,french chateau large platter
85017C,0.85,envelope 50 curious images
16010,0.12,folding camping scissor w/knif & s
35001W,3.49,hand open shape deco.white
84707B,9.95,pink jewelled mirror trinket tray
21167,0.21,white sage incense
51008,3.45,afghan slipper sock pair
21713,2.1,citronella candle flowerpot
20802,1.65,small glass sundae dish clear
22052,0.42,vintage caravan gift wrap
20781,5.49,gold ear muff headphones
22389,2.55,paperweight save the planet
84840,8.5,sweetheart carry-all basket
22073,3.39,red retrospot storage jar
20716,2.51,party food shopper bag
20782,11.02,camouflage ear muff headphones
20847,7.62,zinc heart lattice charger large
21291,1.66,small polkadot chocolate gift bag
21319,3.36,glass chalice green  small
21359,34.0,relax large wood letters
21397,3.36,blue polkadot egg cup
21627,29.79,elephant carnival pouffe
21632,25.49,vintage pink decorative parasol
22106,5.06,mirror mosaic hurricane lamp
22108,3.36,ping! microwave plate
22221,20.38,cake stand lovebird 2 tier pink
22223,10.17,cake plate lovebird pink
22282,25.49,12 egg house painted wood
22329,3.36,round container set of 5 retrospot
22416,2.98,set of 36 doilies spaceboy design
22613,1.66,pack of 20 spaceboy napkins
35648,5.91,vintage bead pink purse
35651,16.13,vintage bead pink scarf
37447,3.36,ceramic cake design spotted plate
46118,8.47,funky monkey cushion cover
46776C,4.21,woven frost cushion cover
46776E,4.21,woven candy cushion cover
62094B,5.06,turq ice cream bum bag
84078A,76.55,set/4 white retro storage cubes
84228,0.84,hen house w chick standing
84568,0.43,girls alphabet iron on patches
84789,7.62,enchanted bird plant cage
84813,25.49,set of 4 diamond napkin rings
85093,2.51,candy spot egg warmer hare
85096,7.62,hilda candy spot rabbit
85202,0.84,hanging wood and felt heart
85204,0.84,hanging wood and felt flower
90001D,4.24,antique olive green flower earrings
90013C,4.24,green vintage earrings
90014B,10.62,gold m pearl  orbit necklace
90085,1.66,crystal stiletto phone charm
90132,5.09,light topaz teal/aqua col necklace
90140,7.64,pink sweetie necklace
90141B,5.09,ivory pendant triple shell necklace
90158,5.09,st tropez necklace
90183A,2.96,amber drop earrings w long beads
90183B,2.96,amethyst drop earrings w long beads
90201B,2.96,black enamel flower ring
90212B,3.81,jet black las vegas bracelet round
84712B,7.95,pink jewelled photo frame
22279,1.25,pocket bag blue paisley red spot
22280,1.25,pocket bag pink paisely brown spot
22377,4.21,bottle bag retrospot
22495,5.91,set of 2 round tins camembert
22521,1.66,childs garden trowel pink
22523,1.66,childs garden fork pink
22677,2.51,french blue metal door sign 2
22682,2.51,french blue metal door sign 7
22715,0.85,card wedding day
21253,5.91,set of picture frame  stickers
21265,5.91,pink goose feather tree 60cm
21389,1.66,ivory hanging decoration  bird
21391,4.21,french lavender scent heart
21403,0.85,blue egg  spoon
21534,10.17,dairy maid large milk jug
21618,7.62,4 wildflower botanical candles
21812,10.17,garland with hearts and bells
21847,4.21,green  diamante pen in gift box
21943,1.66,cakes and rabbits design flannel
22104,1.66,mirror mosaic candle plate
22322,1.66,bird decoration green polkadot
22340,3.36,noel garland painted zinc
35833G,3.36,4 gold flock christmas balls
35916A,1.66,yellow felt hanging heart w flower
46776A,4.21,woven bubble gum cushion cover
72351B,4.21,set/6 pink  butterfly t-lights
84459A,3.36,pink metal chicken heart
84637,12.72,kitchen flower pots wall plaque
85039B,1.66,s/4 ivory mini rose candle in bowl
85039C,1.66,s/4 black mini rose candle in bowl
85131C,0.85,beaded crystal heart blue on stick
90010E,9.34,amber glass/silver bracelet
90039C,3.81,fire polished glass bracelet black
90056,11.05,chunky cracked glaze necklace ivory
90081C,5.09,lily brooch olive colour
90101,2.54,white frangipani necklace
90130B,2.96,turq stone/crystal earrings
90130C,2.96,green stone/crystal earrings
15044C,5.91,purple paper parasol
20762,7.62,green fern sketchbook
20803,3.36,small pink glass sundae dish
18007,0.18,essential balm 3.5g tin in envelope
21720,0.85,cake shop  sticker sheet
84968F,12.75,set of 16 vintage sky blue cutlery
21289,1.25,large stripes chocolate gift bag
22606,15.95,wooden skittles garden set
37479B,2.55,cubic mug flock blue on brown
37482P,2.55,cubic mug pink polkadot
20903,6.35,vintage keepsake box travelogue
20897,2.95,vintage notebook paris days
71403,2.95,"pink/white ""keep clean"" bullet bin"
22683,1.25,french blue metal door sign 8
22685,1.25,french blue metal door sign 0
21973,1.45,set of 36 mushroom paper doilies
22691,7.95,doormat welcome sunrise
21162,1.45,toxic area  door hanger
84926D,1.25,la palmiera tile coaster
22233,1.65,jigsaw rabbit and birdhouse
35400,8.95,wooden box advent calendar
22486,12.75,plasmatronic lamp
72801G,1.25,4 burgundy wine dinner candles
84711A,9.95,silver oval shape trinket box
16169N,0.42,wrap blue russian folkart
20769,2.55,daisy journal
35597A,1.25,dusty pink christmas tree 30cm
47480,1.65,hanging photo clip rope ladder
84522,1.95,pink party sunglasses
20731,1.25,posy candy bag
35597B,1.25,blackchristmas tree 30cm
84596B,1.25,small dolly mix design orange bowl
21226,1.25,pocket mirror woodland
79160,2.1,heart shape wireless doorbell
72131,1.95,columbian candle rectangle
21089,0.65,set/6 green spring paper cups
21647,2.1,assorted tutti frutti large purse
72122,0.95,coffee scent pillar candle
84912A,3.75,pink rose washbag
85036A,4.25,gardenia 1 wick morris boxed candle
21692,3.75,silver lattice vanilla candle pot
84569A,1.25,pack 3 iron on dog patches
20775,1.65,daisy notebook
90179C,5.95,black fine bead necklace w tassel
90060D,5.95,fire polished glass neckl bronze
85020,2.1,round pink heart mirror
20861,2.1,gold cosmetic bag pink star
21827,1.25,eight piece creepy crawlie set
79051A,0.65,smokey grey colour d.o.f. glass
17007B,2.1,s/3 pot pouri cushions blue colours
22700,2.95,black and white dog bowl
10124A,0.42,spots on red bookcover tape
21644,1.25,assorted tutti frutti heart box
46000P,4.25,polyester filler pad 65cmx65cm
22681,1.25,french blue metal door sign 6
21746,1.25,small red retrospot windmill
84916,5.95,hand towel pale blue w flowers
40005B,0.85,blue organdy round lampshade w bea
18094C,1.25,white and blue ceramic oil burner
22085,2.95,paper chain kit skulls
47586A,2.55,pink fairy cake cushion cover
46115B,0.19,green pop art mao cushion cover
84975,1.69,heart shaped mirror
21336,2.95,gold washbag
22050,0.42,pink paisley rose gift wrap
21680,0.85,woodland  stickers
20819,3.75,silver teddy bear
84925F,2.55,psychedelic wall thermometer
22535,0.42,magic drawing slate bunnies
84968E,0.0,check
16169K,0.42,wrap folk art
21001,4.21,rose du sud washbag
21028,2.51,ninja rabbit black
21171,3.36,bathroom metal sign
21204,3.36,daisies  honeycomb garland
21222,2.51,set/4 badges beetles
21251,5.91,dinosaur height chart sticker set
21375,11.02,large camphor wood field mushroom
21595,8.47,dad's cab electronic meter
22101,2.51,mirror mosaic votive holder
35914,4.21,pink chick egg warmer + egg cup
37462E,0.84,"pet mug, goldfish"
37474,9.95,set/4 2 tone egg shape mixing bowls
47481,2.13,50cm metal string with  7 clips
84313B,16.98,blue tv tray table
84422,1.66,pink/blue disc/mirror string
84429A,5.91,medium pink buddha head
84509C,7.62,set of 4 polkadot placemats
84510C,2.51,set of 4 polkadot coasters
84917,4.21,white hand towel with butterfly
85087,8.47,candy spot cushion cover
85094,2.51,candy spot egg warmer rabbit
85125,10.17,small round cut glass candlestick
90013A,3.81,midnight blue vintage earrings
90059A,1.69,diamante hair grip pack/2 crystal
90073,5.09,vintage enamel & crystal earrings
90074,9.77,black diamond cluster necklace
90104,0.83,purple frangipani hairclip
90129C,1.66,green glass tassle bag charm
90129D,1.66,amber glass tassle bag charm
90129E,1.66,purple glass tassle bag charm
90160C,7.22,turq+red boudicca large bracelet
90161D,5.09,ant copper pink boudicca bracelet
90175B,9.34,pink glass chunky charm bracelet
90177D,2.96,drop diamante earrings purple
90184C,9.34,black chunky bead bracelet w strap
90185A,4.24,amber diamante expandable ring
90208,2.54,pair of pink flower cluster slide
15044D,5.91,red paper parasol
84707A,9.95,silver jewelled mirror trinket tray
21617,3.75,4 lily  botanical dinner candles
22693,1.25,grow a flytrap or sunflower in tin
35646,4.25,vintage bead pink evening bag
47574A,4.25,english rose scented hanging flower
72819,2.55,cupid design scented candles
84665,5.95,square cherry blossom cabinet
20857,1.65,blue rose patch purse pink butterfl
85047,6.35,white beaded garland string 20light
22679,0.0,french blue metal door sign 4
22520,0.0,childs garden trowel blue
22516,0.0,childs garden rake blue
22353,0.0,lunch box with cutlery fairy cakes
22498,5.95,wooden regatta bunting
S,12.95,samples
84725,4.25,freestyle canvas art picture
37479P,2.55,cubic mug flock pink on brown
AMAZONFEE,1.0,amazon fee
17038,0.07,porcelain budah incense holder
84388,1.65,wise man star shape egg pan
17084J,0.21,love potion masala incense
84968D,12.75,set of 16 vintage red cutlery
22211,1.65,wood stamp set flowers
22903,2.95,calendar family favourites
22026,0.42,banquet birthday  card
37340,0.85,multicolour spring flower mug
16052,0.84,teatime push down rubber
16219,1.7,house shape pencil sharpener
20763,7.62,daisy sketchbook
20801,5.06,large pink glass sundae dish
20892,25.49,set/3 tall glass candle holder pink
21316,5.91,small chunky glass roman  bowl
21666,1.66,ridged glass t-light holder
22293,2.98,hanging chick green decoration
22608,1.66,pens assorted funky jeweled
22789,4.21,t-light holder sweetheart hanging
22880,4.21,number tile vintage font 1
22883,4.21,number tile vintage font 4
22889,4.21,number tile vintage font no
35809A,4.21,enamel pink tea container
35833P,3.36,4 pink flock christmas balls
37500,21.23,tea time teapot in gift box
37501,14.43,tea time tea set in gift box
79144C,0.84,painted lightbulb rainbow design
85130B,3.36,beaded crystal heart green large
85170C,4.21,set/6 eau de nil bird t-lights
90000B,6.37,midnight blue copper flower necklac
90003B,3.81,rose colour pair heart hair slides
90005A,2.11,jade green enamel hair comb
90019C,5.51,silver black orbit bracelet
90087,1.66,crystal sea horse phone charm
90168,2.96,2 daisies hair comb
90169,2.54,daisy hair comb
90187B,3.39,green drop earrings w bead cluster
90202C,2.96,green enamel flower hair tie
90210C,2.96,red   acrylic faceted bangle
22528,3.36,gardeners kneeling pad
48189,16.98,doormat friendship
84989a,2.13,75 green fairy cake cases
15056n,12.72,edwardian parasol natural
21410,8.47,country cottage  doorstop green
84559b,1.69,3d sheet of cat stickers
84660c,7.62,pink stitched wall clock
85114c,3.36,red enchanted forest placemat
85173,5.06,set/6 frog prince t-light candles
22513,7.62,doorstop football design
72351a,4.21,set/6 turquoise butterfly t-lights
84510c,2.51,set of 4 polkadot coasters
84596b,2.51,small dolly mix design orange bowl
85035c,8.47,rose 3 wick morris box candle
85119,3.36,watering can single hook pistachio
85132a,21.23,charlie + lola biscuits tins
22875,4.21,number tile cottage garden 7
47570b,21.23,tea time table cloth
84558a,5.91,3d dog picture playing cards
21689,3.75,silver vanilla  flower candle pot
84247E,2.95,pack/12 xmas fun card
85170B,2.1,set/6 black bird t-light candles
85170A,2.1,set/6 ivory bird t-light candles
85059,3.75,french enamel water basin
84497,3.75,buttons and stripes notebook
85026B,0.85,eau de nile jewelled t-light holder
90175D,8.95,tigris eye chunky charm bracelet
22512,7.62,doorstop racing car design
22611,10.17,vintage union jack shopping bag
22873,4.21,number tile cottage garden 5
37467,4.21,pig mug in two colour designs
84251B,0.85,"greeting card, sticky gordon"
84927D,4.21,la palmiera tile hook
85040A,3.36,s/4 pink flower candles in bowl
85213,1.66,mini  zinc garden decorations
90001C,4.24,antique opal white flower earrings
90019A,5.51,silver m.o.p orbit bracelet
90023,4.24,filigree diamante earrings
90027A,2.96,glass bead hoop earrings black
90170,1.69,daisy hair band
90186B,2.96,crystal hoop earring floral leaf
90198A,4.24,vintage rose bead bracelet raspberr
90211B,5.94,jet black las vegas necklace 45cm
90214K,0.85,"letter ""k"" bling key ring"
90214P,0.85,"letter ""p"" bling key ring"
90214Z,0.85,"letter ""z"" bling key ring"
20663,2.51,queen of the skies holiday purse
20794,5.06,blue  tile hook
21269,16.98,antique cream cutlery shelf
21792,13.57,classic french style basket green
90212C,3.75,purple las vegas bracelet round
22708,0.42,wrap dolly girl
22048,0.42,birthday banquet gift wrap
22057,1.49,ceramic plate strawberry design
22930,2.55,baking mould heart milk chocolate
22931,2.55,baking mould heart white chocolate
22932,2.55,baking mould toffee cup chocolate
22937,2.55,baking mould chocolate cupcakes
22710,0.42,wrap i love london
22051,0.42,blue scandinavian paisley wrap
22936,3.25,baking mould rose white chocolate
22935,3.25,baking mould rose milk chocolate
85068,7.95,cream sweetheart shelf + hooks
47348A,1.95,fuschia voile pointy shoe dec
21686,39.95,medina stamped metal stool
85024C,1.65,pink small jewelled photoframe
71038,5.45,white hanging beads candle holder
84613C,4.65,blue new baroque flock candlestick
84910A,5.95,pink paisley cushion cover
21246,4.95,red retrospot big bowl
21376,5.45,large  tall camphor wood toadstool
20618,2.1,queen of the skies passport cover
16202E,5.55,black photo album
47420,0.19,assorted colour suction cup hook
22510,3.75,gingham babushka doorstop
48116,7.95,doormat multicolour stripe
72709,0.85,ivory sculpted rnd candle
72132,1.95,columbian cube candle
85118,1.25,heart t-light holder
35968,0.38,folk art metal heart t-light holder
22063,2.95,ceramic bowl with strawberry design
90184B,8.95,amethyst chunky bead bracelet w str
90184A,8.95,amber chunky bead bracelet w strap
84415B,3.75,blue flock cushion cover
20906,2.95,vintage notebook beauty girl
20703,4.25,blue padded soft mobile
71495B,0.42,cd wall tidy red flowers
78124,2.75,magazine rack gebra assorted
79403,1.66,frosted white base
84251G,0.85,"greeting card, overcrowded pool."
90034,10.19,white silver necklace shell glass
90040C,3.81,murano style glass bracelet gold
90059D,1.69,diamante hair grip pack/2 peridot
90089,1.66,pink crystal skull phone charm
90120A,4.24,pink murano twist bracelet
90201D,2.96,green enamel flower ring
17013D,3.36,origami rose incense in tube
17096,0.43,assorted laquered incense holders
21285,4.21,retrospot candle  medium
21442,1.66,green birdhouse decoration
21717,5.06,easter tin bucket
21749,4.21,large red retrospot windmill
21750,4.21,large skull windmill
22538,0.85,mini jigsaw go to the fair
22541,0.85,mini jigsaw leap frog
22647,3.36,ceramic love heart money bank
22145,2.1,christmas craft heart stocking
22138,4.95,baking set 9 piece retrospot
85230G,0.29,orange votive candle
71215,0.42,metal base for candles
20695,4.25,floral blue monster
22820,0.65,gift bag birthday
84952A,3.75,clear love bird t-light holder
84706D,8.95,cherry blossom table clock
22828,165.0,regency mirror with shutters
22703,2.1,pink cat bowl
84247L,0.42,fawn and mushroom greeting card
22698,2.95,pink regency teacup and saucer
84875B,3.75,green square compact mirror
84876D,3.75,blue heart compact mirror
84192,1.25,assorted colour metal cat
21628,14.95,triangular pouffe vintage
22254,1.25,felt toadstool large
21615,3.75,4 lavender botanical dinner candles
22236,10.95,cake stand 3 tier magic garden
22933,2.95,baking mould easter egg milk choc
85107,2.55,cut glass t-light holder octagon
21382,2.95,set/4 spring flower decoration
44235,0.42,ass col circle mobile
40003,1.25,white bamboo ribs lampshade
79190B,0.42,retro plastic polka tray
90036D,7.95,"flower glass garland neckl.36""black"
21535,2.55,red retrospot small milk jug
21120,16.98,*boombox ipod classic
21264,5.91,white goose feather tree 60cm
21284,3.36,retrospot candle  small
22201,8.47,frying pan blue polkadot
22269,2.51,egg cup natural chicken
22526,25.49,wheelbarrow for children
84012,5.06,magic sheep wool growing from paper
85180B,9.32,pink hearts light chain
90030B,5.94,red kukui coconut seed necklace
90030C,5.94,brown kukui coconut seed necklace
90039B,3.81,fire polished glass bracelet montan
90039D,3.81,fire polished glass bracelet green
90093,1.66,clear crystal star phone charm
90128A,2.51,pink leaves and beads phone charm
90128C,2.51,green leaves and beads phone charm
90128D,2.51,purple leaves and beads phone char
90161C,5.09,ant copper lime boudicca bracelet
90174,2.54,butterfly hair band
90188,2.54,drop earrings w flower & leaf
90214O,0.85,"letter ""o"" bling key ring"
DCGS0076,16.13,sunjar led night night light
16015,0.5,medium chinese style scissor
16008,0.25,small folding scissor(pointed edge)
37444B,2.95,blue breakfast cup and saucer
37333,4.95,"retro ""tea for one"""
20778,1.65,garden path notebook
20758,0.85,abstract circles pocket book
22319,0.65,hairclips forties fabric assorted
22824,35.95,3 tier sweetheart garden shelf
21132,4.25,silver standing gnome
84818,2.55,danish rose photo frame
84798A,2.55,pink foxglove artiifcial flower
22230,0.85,jigsaw tree with watering can
90033,2.55,ivory shell heart earrings
84843,5.95,white soap rack with 2 bottles
85032A,2.1,romantic images gift wrap set
85032C,2.1,curious images gift wrap set
35809a,4.21,enamel pink tea container
79066k,1.66,retro mod tray
84536b,0.81,fairy cakes notebook a7 size
84968a,25.49,set of 16 vintage rose cutlery
21144,3.36,pink poodle hanging decoration
21317,11.02,glass sphere candle stand medium
72815,8.47,3 wick christmas briar candle
84510a,2.51,set of 4 english rose coasters
84968e,25.49,set of 16 vintage black cutlery
85035a,8.47,gardenia 3 wick morris boxed candle
22885,4.21,number tile vintage font 6
84660b,7.62,black stitched wall clock
84356,6.95,pompom curtain
47578A,0.85,english rose small scented flower
21562,1.25,hawaiian grass skirt
22856,1.25,assorted easter decorations  bells
22934,2.95,baking mould easter egg white choc
16048,0.85,teatime round pencil sharpener
20932,7.62,pink pot plant candle
22263,1.66,felt egg cosy ladybird
46776F,4.21,woven rose garden cushion cover
84509E,7.62,set of 4 carousel placemats
84510E,2.51,set of 4 green carousel coasters
84748,7.62,folk felt hanging multicol garland
90070,6.37,ruby glass cluster bracelet
90147,10.62,chunky silver necklace pastel flowe
90201C,2.96,red enamel flower ring
37475,9.95,set/4 colourful mixing bowls
84951A,2.55,set of 4 pistachio lovebird coaster
84951B,2.55,set of 4 black lovebird coasters
22053,1.25,empire design rosette
21131,3.75,gold standing gnome
20654,1.25,first class luggage tag
17165D,1.05,ass col large sand frog p'weight
22291,1.45,hanging chick cream decoration
15058A,7.95,blue polkadot garden parasol
20868,1.25,silver fabric mirror
84820,5.95,danish rose trinket trays
85006,2.95,set 4 nursery des round boxes
84821,0.85,danish rose deluxe coaster
84638,6.95,small kitchen flower pots plaque
22229,0.85,bunny wooden painted with flower
22228,0.85,bunny wooden painted with bird
16169P,0.42,wrap green russian folkart
16054,0.42,popart rect pencil sharpener asst
84595E,3.75,large tortilla design red bowl
35915B,1.65,blue knitted hen
85086A,0.85,candy spot heart decoration
85084,0.85,holly top christmas stocking
81950V,0.85,flower purple clock w/sucker
22055,1.45,mini cake stand  hanging strawbery
84631,7.95,fruit tree and birds wall plaque
84799,0.42,sprig lavender artificial flower
35004P,5.45,set of 3 pink flying ducks
21454,0.85,painted pink rabbit
15058B,7.95,pink polkadot garden parasol
22391,2.55,paperweight home sweet home
21318,3.36,glass chalice blue small
21418,5.06,starfish soap dish
21420,6.77,oyster trinket box
22286,3.36,"decoration , wobbly rabbit , metal"
22287,3.36,"decoration , wobbly chicken, metal"
35609A,2.51,pink feather christmas decoration
35610C,2.51,white christmas flock droplet
46776D,4.21,woven sunset cushion cover
84688,8.47,beach hut design blackboard
84931A,5.06,pink scottie dog w flower pattern
85211,3.36,s/4 groovy cat magnets
90031,5.94,bili nut and wood necklace
90040A,4.24,murano style glass bracelet red
90125B,4.21,aqua bertie glass bead bag charm
90125D,4.21,purple bertie glass bead bag charm
DCGS0003,2.51,boxed glass ashtray
85230E,0.29,strawbry scented votive candle
22826,175.0,love seat antique white metal
22852,4.25,dog bowl vintage cream
22102,1.65,mirror mosaic t-light holder
16033,0.12,mini highlighter pens
20830,2.1,silver photo frame
20831,2.1,gold photo frame
90003D,3.75,crystal pair heart hair slides
90067A,2.95,pink vintage victorian earrings
21378,1.65,small tall camphor wood toadstool
85032B,2.1,blossom images gift wrap set
22857,0.85,assorted easter gift tags
22858,1.65,easter tin keepsake
22861,1.65,easter tin chicks in garden
22232,1.65,jigsaw toadstools 3 piece
20793,6.75,blue tiled tray
20664,2.95,tropical holiday purse
47593A,1.25,carousel ponies baby bib
20670,2.95,vip holiday purse
21946,0.85,party time design flannel
20666,2.95,economy holiday purse
82605,2.1,old doc russel metal sign
85136B,7.95,blue shark helicopter
84882,3.75,green wire standing candle holder
85031A,4.95,romantic images scrap book set
16216,0.16,letter shape pencil sharpener
84660B,1.25,black stitched wall clock
21248,1.45,door hanger  mum + dads room
21736,2.1,gold scroll glass t-light holder
84922,4.25,pink butterfly washbag
90036E,7.95,"flower glass garld neckl36""amethyst"
90160A,6.95,purple boudicca large bracelet
90160B,6.95,red boudicca large bracelet
90160D,6.95,pink boudicca large bracelet
82011A,3.75,"bathroom scales, tropical beach"
85183A,3.75,charlie & lola wastepaper bin blue
21194,4.21,pink  honeycomb paper fan
21972,2.98,set of 36 dinosaur paper doilies
22281,12.72,easter tree yellow birds
22887,4.21,number tile vintage font 8
84876B,7.62,green heart compact mirror
90126A,3.36,pink bertie mobile phone charm
90190B,2.96,gold/amber drop earrings w leaf
35610B,1.25,black christmas flock droplet
84927E,2.1,flowers tile hook
84816,39.95,danish rose bedside cabinet
90120D,4.25,white murano twist bracelet
22289,2.51,hanging metal chicken decoration
20704,14.43,mr robot soft toy
20818,7.62,gold teddy bear
21199,3.36,pink  heart confetti in tube
21293,4.21,mirrored dove wall decoration
71495A,0.84,cd wall tidy blue office
84584,5.06,pink gingham cat with scarf
85179C,9.32,pink bitty light chain
85188B,1.66,pink metal swinging bunny
90076,2.96,montana diamond cluster earrings
90164A,7.64,pink rosebud pearl bracelet
90164B,7.64,white  rosebud pearl bracelet
72780,0.85,black silouette candle plate
22954,1.25,hen party cordon barrier tape
22047,0.42,empire gift wrap
22214,2.55,candle plate lace white
90162C,2.95,ant silver fuschia boudicca ring
90078,7.5,pink/white glass demi choker
90032,6.25,ivory shell heart necklace
21331,12.75,moroccan beaten metal dish large
20848,2.95,zinc heart lattice charger small
20826,2.12,silver aperitif glass
21145,1.25,antique glass place setting
22723,3.95,set of 6 herb tins sketchbook
22722,3.95,set of 6 spice tins pantry design
22720,4.95,set of 3 cake tins pantry design
84575A,5.95,pink dog cannister
84313C,4.25,orange tv tray table
21473,19.95,sweetheart cream steel table rect
90210A,1.25,grey acrylic faceted bangle
84823,7.95,danish rose folding chair
90057,1.25,diamante ring assorted in box.
90210D,1.25,purple acrylic faceted bangle
22656,125.0,vintage blue kitchen cabinet
22782,9.95,set 3 wicker storage baskets
84766,1.95,silver rococo candle stick
20860,2.1,gold cosmetics bag with butterfly
84711B,9.95,pink oval shape trinket box
84817,0.42,danish rose decorative plate
35832,2.95,woolly hat sock glove advent string
22721,4.95,set of 3 cake tins sketchbook
22711,0.42,wrap circus parade
22522,0.85,childs garden fork blue
22270,3.75,happy easter hanging decoration
85195,2.1,hanging heart basket
85194L,0.85,hanging spring flower egg large
84660A,1.25,white stitched wall clock
75178,0.42,asstd col butterfly/crystal w/chime
75011,0.85,blue daisy mobile
47503A,0.42,ass floral print multi screwdriver
22888,0.42,number tile vintage font 9
22886,0.42,number tile vintage font 7
22881,0.42,number tile vintage font 2
22879,0.42,number tile vintage font 0
21631,3.95,hippy chic decorative parasol
20705,1.95,mrs robot soft toy
90125A,0.85,pink bertie glass bead bag charm
85180A,1.25,red hearts light chain
85159B,1.25,"white tea,coffee,sugar jars"
22204,3.75,milk pan blue polkadot
90058B,0.38,crystal stud earrings assorted col
84597B,1.25,retro brown ball ashtray
84616,29.95,silver roccoco chandelier
84666,3.95,square cherry blossom cabinet
22303,5.06,coffee mug apples design
84796a,8.47,pink hawaiian picnic hamper for 2
20871,4.21,opulent velvet set/3 candles
21160,3.36,keep out girls door hanger
21186,3.36,white dove honeycomb paper garland
72801d,2.51,4 sky blue dinner candles
85114a,3.36,black enchanted forest placemat
84673A,0.65,pink fly swat
37503,10.75,tea time cake stand in gift box
21386,0.85,ivory hanging decoration  egg
90146,7.5,fine silver necklace w pastel flowe
22257,0.42,felt farm animal sheep
22258,0.42,felt farm animal rabbit
22259,0.42,felt farm animal hen
35817P,2.55,"acrylic jewel snowflake,pink"
85141,10.75,jardin etched glass fruitbowl
90042A,2.55,freshwater pearl bracelet gold
90136,9.95,pale pink/amethyst stone necklace
90060B,5.95,fire polished glass neckl gold
90035A,10.75,"pearl & shell 42""neckl. green"
90133,4.95,teal/fuschia col bead necklace
90179A,5.95,amber fine bead necklace w tassel
79329,1.65,pink flock glass candleholder
85146,4.95,jardin etched glass small bell jar
22033,0.42,botanical rose greeting card
22032,0.42,botanical lily greeting card
84751B,3.75,black medium glass cake stand
84507B,2.55,stripes design monkey doll
84620,5.95,blue gingham rose cushion cover
84929,0.55,asstd fruit+flowers fridge magnets
21707,4.95,folding umbrella blackblue polkadot
22868,1.95,number tile cottage garden 0
22874,1.95,number tile cottage garden 6
22872,1.95,number tile cottage garden 4
22871,1.95,number tile cottage garden 3
22302,2.55,coffee mug pears  design
47594B,1.95,scotties design washbag
21196,1.65,round white confetti in tube
22218,4.25,cake stand lace white
22970,2.55,london bus coffee mug
22062,2.95,ceramic bowl with love heart design
22040,0.42,botanical rose gift wrap
21348,2.55,pink spots chocolate nesting boxes
22971,2.55,queens guard coffee mug
84877B,1.25,green round compact mirror
84926F,0.42,psychedelic tile coaster
21400,0.42,red pudding spoon
35911A,2.1,multicolour rabbit egg warmer
85031C,4.95,curious images scrap book set
84613A,4.65,pink new baroque flock candlestick
90012B,9.95,black drop crystal necklace
21043,5.95,apron modern vintage cotton
37342,0.85,polkadot coffee cup & saucer pink
84750B,1.95,black small glass cake stand
21425,2.95,skulls storage box large
72800C,2.55,4 pink dinner candle silver flock
35810A,2.1,enamel pink coffee container
21491,1.95,set of three vintage gift wraps
21633,3.95,sunflower decorative parasol
35607A,0.19,pink fluffy christmas decoration
22410,1.25,money box housekeeping design
84859A,5.95,silver disco handbag
85103,6.75,silver t-light setting
85031B,4.95,blossom images scrap book set
22249,0.85,decoration white chick magic garden
22407,1.25,money box first ade design
85205B,2.55,pink felt easter rabbit garland
22929,65.0,school desk and chair
85163A,12.75,white baroque wall clock
85163B,12.75,black baroque wall clock
85088,4.21,candy spot hand bag
90201A,2.96,purple enamel flower ring
90202A,2.96,purple enamel flower hair tie
90206A,5.09,gold diamante star brooch
84600,16.13,new baroque jewellery box
84857C,16.98,pink monte carlo handbag
90144,3.81,silver drop earrings with flower
90165B,2.54,white rosebud  pearl earrings
20694,7.62,floral pink monster
20869,1.28,gold fabric mirror
20954,8.47,*usb office mirror ball
21455,1.66,painted yellow wooden daisy
22206,0.85,"mug , dotcomgiftshop.com"
35933,4.21,pink stocking christmas decoration
85232A,10.17,set/3 polkadot stacking tins
90027B,2.96,glass bead hoop earrings montana
90122A,5.09,pink crystal+glass bracelet
90197B,5.09,black glass bracelet w heart charms
72225C,0.29,lavender scent cake candle
46000U,1.25,polyester filler pad 30cmx30cm
90072,4.24,ruby drop chandelier earrings
90214T,0.85,"letter ""t"" bling key ring"
20934,11.02,set/3 pot plant candles
21402,0.85,red  egg  spoon
47585A,10.17,pink fairy cake cushion cover
90011D,2.96,purple crystal drop earrings
90012A,10.2,midnight blue drop crystal necklace
90042C,2.54,freshwater pearl bracelet ivory
90141C,5.51,turq pendant triple shell necklace
90142A,5.09,green pendant shell necklace
90165A,2.54,pink rosebud pearl earrings
90177B,2.96,drop diamante earrings black diamon
90202D,2.96,pink enamel flower hair tie
90154,8.95,lazer cut necklace w pastel beads
90199D,6.35,5 strand glass necklace amber
90014A,9.95,silver/mop orbit necklace
90178B,11.95,purple chunky glass+bead necklace
21009,1.25,etched glass star tree decoration
21793,6.75,classic french style basket brown
85023B,2.55,eau de nile jewelled photoframe
85109,0.85,pink boudoir t-light holder
84804A,2.95,cream delphinium artificial flower
84800L,2.12,large white/pink rose art flower
84800M,1.69,medium white/pink rose art flower
84802A,1.69,white anemone artificial flower
84806A,1.45,pink candystuft artificial flower
22707,0.42,wrap monster fun
21503,0.42,toybox  wrap
90108,1.05,blue blossom hair clip
16207A,2.95,pink strawberry handbag
21747,1.25,small skull windmill
84457,0.85,set/3 rabbits flower skippping rope
84249A,0.42,"greeting card,square, doughnuts"
22148,4.21,easter craft 4 chicks
90011B,2.96,black crystal drop earrings
90055,2.54,cracked glaze earrings brown
90142D,5.09,mop pendant shell necklace
90176B,7.64,diamante necklace black
gift_0001_40,34.04,dotcomgiftshop gift voucher £40.00
21198,0.42,white heart confetti in tube
90027D,2.95,glass bead hoop earrings amethyst
44228,0.85,cannabis leaf bead curtain
85230A,0.21,opium scented votive candle
79191D,1.66,retro plastic daisy tray
22066,1.45,love heart trinket pot
35819B,2.51,"acrylic hanging jewel,blue"
84199,0.21,glow in dark dolphins
82613A,1.25,"metal sign,cupcake single hook"
85135A,7.95,yellow dragonfly helicopter
22823,125.0,chest natural wood 20 drawers
DCGS0070,12.72,camouflage dog collar
15044A,2.95,pink paper parasol
85231b,1.66,cinammon set of 9 t-lights
85114b,3.36,ivory enchanted forest placemat
85160a,16.13,white bird garden design mug
m,2.55,manual
82613b,2.51,"metal sign,cupcake single hook"
82613c,2.51,"metal sign,cupcake single hook"
84795b,16.98,sunset check hammock
85126,13.57,large round cutglass candlestick
47518f,4.21,icon placemat pop art elvis
85035b,8.47,chocolate 3 wick morris box candle
84968f,25.49,set of 16 vintage sky blue cutlery
85049g,2.51,chocolate box ribbons
84499,0.85,black flower candle plate
16045,0.12,popart wooden pencils asst
84872A,0.0,teatime funky flower backpack for 2
21394,1.95,red polkadot beaker
22046,0.42,tea party  wrapping paper
84931B,1.66,blue scottie dog w flower pattern
21270,8.47,antique cream cutlery cupboard
85161,12.72,acrylic geometric lamp
90011A,2.96,midnight blue crystal drop earrings
90013D,4.24,purple vintage earrings
90024E,8.49,new baroque b'fly necklace montana
90024F,8.49,new baroque b'fly necklace crystal
90103,2.54,purple frangipani necklace
90152A,5.51,silver/nat shell necklace w pendant
90205C,1.69,large crystal diamante hairslide
22247,0.81,bunny decoration magic garden
gift_0001_50,42.55,dotcomgiftshop gift voucher £50.00
84251C,0.43,"greeting card, two sisters."
16206B,1.25,red purse with pink heart
46138B,1.95,blue chenille shaggy cushion cover
20701,3.75,pink cat floral cushion cover
90112,1.05,pink dolly hair clips
35443,0.85,rasta in bath w spliff ashtray
21661,5.95,vintage glass tea caddy
90125E,1.66,amber bertie glass bead bag charm
85168B,8.47,black baroque carriage clock
85186C,0.85,bunny egg garland
84926E,0.42,flowers tile coaster
84218,1.95,box/12 chick & egg in basket
85194S,0.65,hanging spring flower egg small
22268,1.66,easter decoration sitting bunny
90037B,2.54,tiny crystal bracelet green
90041,3.81,pearl and cherry quartz braclet
90125C,1.66,turquoise bertie glass bead charm
90163A,7.64,pink rosebud & pearl necklace
90163B,7.64,white rosebud & pearl necklace
21412,0.42,vintage gold tinsel reel
35911B,2.1,pink/flower rabbit egg warmer
84989A,0.55,75 green fairy cake cases
79071B,2.95,english rose metal waste bin
16169M,0.42,wrap daisy carpet
22709,0.42,wrap wedding day
gift_0001_30,25.53,dotcomgiftshop gift voucher £30.00
gift_0001_20,17.02,dotcomgiftshop gift voucher £20.00
79320,4.95,flamingo lights
85042,4.95,antique lily fairy lights
20785,39.95,fuschia retro bar stool
85089,2.95,candy spot bunny
35909A,2.95,rabbit easter decoration
35910A,1.95,multicolour easter rabbit
21763,29.95,vintage wooden bar stool
20933,3.75,yellow pot plant candle
35972,1.25,daisy folkart heart decoration
90155,7.64,resin necklace w pastel beads
47589,5.45,congratulations bunting
79323B,6.75,black cherry lights
21645,1.65,assorted tutti frutti round box
84661A,2.51,white square table clock
90118,2.51,pink daisy bag charm
90182C,2.96,black 3 bead drop earrings
21278,2.55,vintage kitchen print puddings
47518F,0.42,icon placemat pop art elvis
16156L,0.42,"wrap, carousel"
47351B,2.95,blue  voile lampshade
21084,0.65,set/6 collage paper cups
21088,0.65,set/6 fruit salad paper cups
21096,0.85,set/6 fruit salad  paper plates
90119,2.51,metalic leaves bag charms
84741C,1.95,citrus garland felt flowers
22266,0.65,easter decoration hanging bunny
22267,1.25,easter decoration egg bunny
21003,6.35,rose du sud cushion cover
21757,4.95,lighthouse printed metal sign
90123B,5.95,turquoise heart of glass bracelet
90123C,5.95,green heart of glass bracelet
90122C,4.95,turquoise crystal+glass bracelet
90156,4.95,resin bracelet w pastel beads
85023C,2.55,pink large jeweled photoframe
84617,12.75,new baroque black boxes
21332,12.75,moroccan beaten metal mirror
35923,2.51,candy heart hanging decoration
84661C,2.51,pink square table clock
90038B,3.81,glass and painted beads bracelet ol
90137,5.51,pink combo mini crystals necklace
21655,1.69,hanging ridge glass t-light holder
79323P,6.75,pink cherry lights
72038P,0.0,damages
90181A,9.34,amber glass/shell/pearl necklace
90214W,0.85,"letter ""w"" bling key ring"
90059F,1.69,diamante hair grip pack/2 lt rose
44091A,0.42,blue crusoe check lampshade
21280,2.55,vintage kitchen print vegetables
90037C,2.54,tiny crystal bracelet blue
90122B,5.09,jade crystal+glass bracelet
35915C,3.36,peach knitted hen
85197,2.1,set of 12 mini bunnies in a bucket
85019B,4.25,blossom  images notebook set
16207B,2.95,pink heart red handbag
20698,2.55,little pink monster soft toy
47556B,2.55,tea time tea towels
35265,6.95,colourful flower fruit bowl
16162L,0.65,the king gift bag
90092,1.66,blue crystal boot phone charm
90190A,2.96,silver/crystal drop earrings w leaf
90011E,2.96,amber crystal drop earrings
90038A,3.81,glass and painted beads bracelet to
90079,5.09,vintage enamel & crystal necklace
21667,14.95,glass cake cover and plate
22323,1.95,pink polkadot kids bag
22103,1.65,mirror mosaic t-light holder round
90141D,5.51,rose pendant triple shell necklace
85160B,16.13,black bird garden design mug
23231,0.42,wrap doiley design
62086A,1.95,pink retro big flower bag
90039A,3.73,fire polished glass bracelet red
21371,4.96,mirrored wall art poppies
35912B,1.25,white/pink chick decoration
23230,0.42,wrap alphabet design
85206B,1.65,pink felt easter egg basket
85189,0.85,hanging butterfly  egg
84745A,0.42,pink hanging gingham easter hen
84745B,0.42,blue hanging gingham easter hen
90130D,2.9,red stone/crystal earrings
21117,6.75,blond doll doorstop
21459,1.95,yellow easter egg hunt start post
21460,1.95,green easter egg hunt start post
37468,7.46,hardman mug 3 assorted
21897,5.79,potting shed candle citronella
85231g,1.63,orange scented set/9 t-lights
72369A,2.46,pink clear glass candle plate
22967,2.55,set 3 song bird paper eggs assorted
22957,2.55,set 3 paper vintage chick paper egg
21082,1.63,set/20 fruit salad paper napkins
21368,2.55,mirrored wall art ladies
17174,0.42,asstd rasta key-chains
23233,0.42,wrap poppies  design
35921,1.25,easter bunny hanging garland
85200,1.25,bunny egg box
84231,0.65,easter bunny with basket on back
21461,1.95,blue easter egg hunt start post
84462,1.25,3 pink hen+chicks in basket
84461,2.55,12 pink hen+chicks in basket
35922,4.95,easter bunny wreath
84675,2.95,frog king watering can
47469,0.65,assorted shapes photo clip silver
23232,0.42,wrap vintage petals  design
84905,4.95,pink butterfly cushion cover
84806B,1.45,white candystuft artificial flower
21458,1.25,2 picture book eggs easter bunny
85198,0.85,assorted farmyard animals in bucket
90191,12.48,silver lariat 40cm
84796B,24.96,blue savannah picnic hamper for 2
23166,1.04,medium ceramic top storage jar
20845,6.35,zinc heart lattice 2 wall planter
84033,1.65,flag of st george
85040a,3.29,s/4 pink flower candles in bowl
20795,4.13,large blue provencal ceramic ball
47590b,10.79,pink happy birthday bunting
72807a,8.29,set/3 rose candle in jewelled box
84226,0.85,hen house w family in barn & nest
79323W,6.75,white cherry lights
21926,1.25,red/cream stripe cushion cover
37379A,1.25,pink cherry blossom cup & saucer
35920,1.25,four rabbit easter decorations
84801A,2.1,pink hydrangea art flower
84592,2.95,crochet rose purse with suede back
84800S,1.25,small white/pink rose art flower
79192A,1.25,retro plastic 70's tray
85130C,1.65,beaded crystal heart blue  large
20756,0.85,green fern pocket book
22351,0.0,given away
21320,4.96,glass chalice green  large
90027C,2.9,glass bead hoop earrings green
90202B,2.9,white enamel flower hair tie
22125,12.46,union jack hot water bottle
40046A,1.25,red daisy paper lampshade
85188A,1.63,green metal swinging bunny
84527,1.95,flames sunglasses pink lenses
72799C,2.95,pink pillar candle silver flock
71101E,0.85,standing fairy pole support
21457,1.25,2 picture book eggs easter ducks
21456,1.25,2 picture book eggs easter chicks
35647,1.25,vintage bead pink shade
84632,59.95,decorative hanging shelving unit
72801c,2.46,4 rose pink dinner candles
22764,49.96,"rustic wooden cabinet, glass doors"
90037A,2.48,tiny crystal bracelet red
35913B,0.85,white/pink chick easter decoration
22146,1.95,easter craft ivy wreath with chick
21476,14.95,steel sweetheart round table cream
37351,1.25,orange flower mug
85160A,1.25,white bird garden design mug
84997a,8.29,green 3 piece polkadot cutlery set
21344,20.79,moroccan beaten metal dish
84974,9.95,s/2 zinc heart design planters
72821,1.65,cupid scented candle in glass
22596,0.72,christmas star wish list chalkboard
90123D,5.95,white heart of glass bracelet
90123A,5.95,pink heart of glass bracelet
90148,12.75,long silver necklace pastel flower
90016B,8.5,gold/m.o.p pendant orbit necklace
90016A,8.5,silver/m.o.p pendant orbit necklace
84847,3.75,floral bathroom set
20898,2.95,vintage notebook travelogue
90183C,2.9,black drop earrings w long beads
DCGS0069,15.79,ooh la la dogs collar
84465,2.95,15 pink fluffy chicks in box
20851,5.95,zinc heart lattice tray oval
84715,2.95,set of 6 ice cream skittles
84919,6.95,blue cushion cover with flower
84907,7.65,pink yellow patch cushion cover
85024B,1.65,eau de nile jewelled photoframe
35637C,19.13,pink string curtain with pole
71496B,0.65,a4 wall tidy red flowers
17028J,0.42,incense bazaar peach
17084A,0.21,tranquility masala incense
84795C,7.95,ocean stripe hammock
62074B,0.42,elephant clip w suction cup
84279B,3.75,cherry blossom decorative flask
85063,14.95,cream sweetheart magazine rack
84801B,2.1,white hydrangea art flower
84805A,3.75,cream climbing hydranga art flower
17136A,0.21,blue stones on wire for candle
84993a,0.83,75 green petit four cases
72807b,8.29,set/3 ocean scent candle jewel box
84509b,7.46,set of 4 fairy cake placemats
84708B,4.95,pink jewelled photo frame
44089A,0.42,pink gauze butterfly lampshade
84723,7.95,cherry blossom canvas art picture
22038,0.42,botanical lavender gift wrap
90098,2.55,necklace+bracelet pink butterfly
15058C,7.95,ice cream design garden parasol
22989,2.95,set 2 pantry design tea towels
84968d,24.96,set of 16 vintage red cutlery
84509a,7.46,set of 4 english rose placemats
84452,0.85,metal rabbit ladder easter
84611B,0.0,thrown away
84612B,0.0,thrown away
22990,4.95,cotton apron pantry design
85092,3.35,candy spot tea cosy
37413,1.25,icon mug revolutionary
DCGSSBOY,3.29,boys party bag
DCGSSGIRL,3.29,girls party bag
35815P,2.1,"acrylic jewel snowflake, pink"
21228,1.25,"pocket mirror ""glamorous"""
84536a,0.79,english rose notebook a7 size
72812,4.13,large zinc glass candleholder
82001s,7.46,vinyl record frame silver
79063D,0.42,"retro pill box , revolutionary"
75172,3.75,painted sea shell metal windchime
45013,2.95,folding shoe tidy
21636,2.55,madras notebook medium
71510,0.85,square metal candleholder base
44265,4.25,m/colour pom-pom curtain
90064B,3.75,black vintage  crystal earrings
90064A,3.75,white vintage crystal earrings
90063A,8.5,white vint art deco crystal necklac
90063B,8.5,black vint art dec crystal necklace
90029,8.5,new baroque small necklace black
44089C,0.42,lilac gauze butterfly lampshade
44236,4.65,pink/purple circle curtain
21898,2.46,potting shed rose candle
82095,4.96,heart buttons jewellery box
90024B,8.32,new baroque b'fly necklace red
84798B,2.55,purple foxglove artiifcial flower
84803A,1.69,pink allium  artificial flower
21681,9.95,giant medina stamped metal bowl
35909B,2.95,pink flowers rabbit easter
90180B,9.95,purple amethyst necklace w tassel
90152C,5.95,blue/nat shell necklace w pendant
84859C,5.95,pink disco handbag
79406,0.22,frosted white base
22980,1.65,pantry scrubbing brush
22993,1.25,set of 4 pantry jelly moulds
23006,0.42,travel card wallet flower meadow
23004,0.42,travel card wallet pantry
23002,0.42,travel card wallet skulls
23003,0.42,travel card wallet vintage rose
23000,0.42,travel card wallet transport
22994,0.42,travel card wallet retrospot
22998,0.42,travel card wallet keep calm
84596f,2.46,small marshmallows pink bowl
84596g,2.46,small chocolates pink bowl
22991,1.95,giraffe wooden ruler
22992,1.95,revolver wooden ruler
22999,0.36,travel card wallet retro petals
22995,0.36,travel card wallet suki
22996,0.36,travel card wallet vintage ticket
22978,3.75,pantry rolling pin
22997,0.42,travel card wallet union jack
23005,0.42,travel card wallet i love london
79062D,0.65,"retro tin ashtray,revolutionary"
20837,2.95,french floral cushion cover
47341A,3.75,fuschia table run flower
21087,0.83,set/6 posies paper cups
37491D,3.29,purple/blue ceramic candle holder
44092C,0.85,purple/copper hanging lampshade
79331,1.65,pink flock glass candleholder
84306,10.95,s/3 pink square planters roses
44092B,0.85,blue white plastic rings lampshade
90065A,6.75,white vintage crystal bracelet
90026D,8.5,glass bead hoop necklace amethyst
90000A,5.95,raspberry ant copper flower necklac
90026C,8.5,glass bead hoop necklace green
90026B,8.5,glass bead hoop necklace montana
35638A,5.95,pink and black string curtain
84691,0.72,pack 20 dolly pegs
84796A,8.29,pink hawaiian picnic hamper for 2
85065,12.75,cream sweetheart trays
21414,2.1,scallop shell soap dish
84858C,11.63,pink riviera handbag
84466,1.25,top secret pen set
84687,11.63,beach hut shelf w 3 drawers
90100,2.55,necklace+bracelet set pink daisy
84809B,2.1,pink chrysanthemums art flower
72140E,0.85,best dad candle letters
10080,0.85,groovy cactus inflatable
17001,0.29,heavens scent fragrance oils asstd
71050,0.35,small single flame candle holder
90124A,9.98,pink murano twist necklace
90135,4.98,orange/wht/fuschia stones necklace
90157,4.98,riviera necklace
90176A,7.48,classic diamante necklace jet
90176C,8.32,diamante necklace
90177A,2.9,classic diamante earrings jet
90187A,3.32,blue drop earrings w bead cluster
90001A,4.15,antique raspberry flower earrings
84802B,1.69,purple anemone artificial flower
84803B,1.69,white allium  artificial flower
23182,0.83,toilet sign occupied or vacant
20796,1.65,small blue provencal ceramic ball
22979,1.45,pantry washing up brush
23177,2.25,treasure island book box
23193,2.25,buffalo bill treasure book box
23194,2.25,gymkhanna treasure book box
23176,2.25,abc treasure book box
22982,1.25,pantry pastry brush
23126,4.95,dollcraft girl amelie kit
23127,4.95,dollcraft girl nicole
16020C,0.85,clear stationery box set
90016C,8.32,silver/black pendant orbit necklace
90025D,3.73,baroque butterfly earrings pink
23128,4.95,feltcraft boy jean-paul kit
23183,3.75,mother's kitchen spoon rest
23179,2.89,clock magnet mum's kitchen
23178,2.89,jam clock magnet
22981,1.45,pantry apple corer
37423,0.85,white with black cats plate
23180,4.95,mum's kitchen clock
23049,8.25,recycled acapulco mat red
23053,8.25,recycled acapulco mat pink
23054,8.25,recycled acapulco mat lavender
23050,8.25,recycled acapulco mat green
23052,8.25,recycled acapulco mat turquoise
23051,8.25,recycled acapulco mat blue
79026B,1.25,"s/4 icon coaster,elvis lives"
23185,1.25,french style storage jar jam
23184,4.95,bull dog bottle opener
90084,0.85,pink crystal guitar phone charm
35607B,0.19,black feather christmas decoration
90038C,3.75,glass and beads bracelet ivory
62096B,1.25,purple/turq flowers handbag
gift_0001_10,8.33,dotcomgiftshop gift voucher £10.00
84593,2.95,crochet rose des clothes hanger
16248B,1.25,blue hole punch
21841,4.25,baby mouse red gingham dress
23181,8.25,bull dog bottle top wall clock
23187,1.25,french style storage jar bonbons
23186,1.25,french style storage jar cafe
84086B,2.95,yellow/blue retro radio
79063C,0.19,"retro pill box key chain,the king"
23010,16.95,circus parade baby gift set
23007,16.95,spaceboy baby gift set
35611B,0.0,thrown away
23009,14.95,i love london baby gift set
23008,14.95,dolly girl baby gift set
72140F,0.0,throw away
84535A,0.65,english rose notebook a6 size
16202A,0.5,pastel pink photo album
21395,1.63,blue polkadot beaker
85098B,3.75,blue flying singing canary
84842,3.75,hello sailor bathroom set
84227,0.42,hen house w chick in nest
16161G,0.1,wrap bad hair day
85132c,8.29,charlie and lola figures tins
16259,0.21,piece of camo stationery set
47013A,0.29,wine bottle dressing lt.blue
22687,15.79,doormat christmas village
84977,1.25,wire flower t-light holder
84968B,12.75,set of 16 vintage ivory cutlery
90075,8.95,montana diamond cluster necklace
90068,7.5,"ruby glass necklace 42"""
35910B,1.95,pink flowers rabbit easter
84750A,1.95,pink small glass cake stand
78033,5.95,flag of st george chair
37488A,0.39,yellow pink flower design big bowl
85030,1.95,french chateau oval platter
21637,1.25,assorted sanskrit mini notebook
47344B,1.25,blue flower des purse
46126A,1.25,elvis wallhanging / curtain
90182B,2.9,amethyst 3 bead drop earrings
37330,0.39,big polkadot mug
90124C,9.98,green murano twist necklace
90131,6.95,pink/amethyst/gold necklace
85224,2.1,assorted colour silk glasses case
72759,0.0,thrown away-can't sell.
72732,0.0,thrown away-can't sell
23077,1.25,doughnut lip gloss
23076,1.25,ice cream sundae lip gloss
23078,1.25,ice cream pen lip gloss
21770,4.95,open closed metal sign
47013C,0.29,wine bottle dressing dark blue
84548,1.65,crochet bear red/blue  keyring
15030,0.29,fan black frame
23159,2.08,set of 5 pancake day magnets
23154,2.08,set of 4 jam jar magnets
23156,2.08,set of 5 mini grocery magnets
23155,0.83,knickerbockerglory magnet assorted
84569C,1.25,pack 4 flower/butterfly patches
23158,1.85,set of 5 lucky cat magnets
85145,12.75,jardin etched glass large bell jar
21839,5.45,mummy mouse red gingham ribbon
85028S,1.95,french chateau small fruitbowl
85028L,1.95,french chateau large fruit bowl
85049b,2.46,lush greens ribbons
85049d,2.46,bright blues ribbons
84856S,4.65,small tahiti beach bag
20821,4.95,goldie looking mirror
84743C,1.25,orange felt vase + flowers
23157,2.08,set of 6 nativity magnets
21614,5.79,set of 12 rose botanical t-lights
84549,3.29,crochet white rabbit keyring
90014C,9.95,silver/black orbit necklace
35649,3.35,vintage bead cosmetic bag
35809B,0.83,enamel blue rim tea container
84686,4.25,beach hut mirror
84576,4.13,blue cat biscuit barrel pink heart
84877A,1.25,pink round compact mirror
84875D,1.25,blue square compact mirror
23254,4.15,childrens cutlery dolly girl
23256,4.15,childrens cutlery spaceboy
90024D,8.5,new baroque b'fly necklace pink
23255,4.15,childrens cutlery circus parade
22039,0.42,botanical lily gift wrap
90025A,3.75,baroque butterfly earrings black
37487B,0.29,yellow/orange flower design plate
84839,5.55,sweetheart key cabinet
23205,0.85,charlotte bag vintage alphabet
23201,2.08,jumbo bag alphabet
23207,1.65,lunch bag alphabet design
23199,2.08,jumbo bag apples
23206,1.65,lunch bag apple design
23204,0.85,charlotte bag apples design
23208,1.65,lunch bag vintage leaf design
84689,5.95,s/2 beach hut treasure chests
44242B,1.25,pink feathers curtain
PADS,0.001,pads to match all cushions
85132b,8.29,charlie and lola table tins
84510e,2.46,set of 4 green carousel coasters
84731,1.65,3 birds canvas screen
23065,12.5,large deco jewellery stand
16202B,0.5,pastel blue photo album
23060,2.08,heart beaded trellis decoration
23057,4.15,gemstone chandelier t-light holder
23253,33.29,16 piece cutlery set pantry design
23348,4.13,childrens toy cooking utensil set
90181C,9.15,black glass/shell/pearl necklace
23066,8.25,small deco jewellery stand
23068,2.49,aluminium stamped heart
23075,4.15,double ceramic parlour hook
23153,3.75,zinc sweetheart wire letter rack
90036C,7.9,"flower glass garland neckl.36""blue"
23073,12.5,georgian trinket box
90135A,4.98,orange/fuschia stones necklace
90159,4.98,cote d'azure necklace
23146,3.29,triple hook antique ivory rose
23061,1.25,vintage embossed heart
20823,0.79,gold wine goblet
20827,0.39,gold aperitif glass
23055,6.25,ivory chandelier t-light holder
23056,6.25,flowers chandelier t-light holder
20997,4.13,rose du sud cushion cover
23140,4.15,triple wire hook ivory heart
23141,4.15,triple wire hook pink heart
23135,5.75,small zinc heart wall organiser
23132,5.75,small ivory heart wall organiser
23071,12.5,marie antoienett trinket box gold
23152,3.75,ivory sweetheart wire letter rack
23134,7.05,large zinc heart wall organiser
23133,7.05,large ivory heart wall organiser
84990,0.55,60 gold and silver fairy cake cases
23147,1.45,single antique rose hook ivory
23148,0.83,miniature antique rose hook ivory
23144,0.72,zinc t-light holder stars small
23142,10.4,ivory wire kitchen organiser
23136,3.75,ivory wire sweetheart letter tray
23139,1.45,single wire hook pink heart
23138,1.45,single wire hook ivory heart
23150,2.49,ivory sweetheart soap dish
23145,0.95,zinc t-light holder star large
90025B,3.73,baroque butterfly earrings red
23137,3.75,zinc wire sweetheart letter tray
72024U,0.21,lilac votive candle
16049,0.42,teatime gel pens asst
23069,6.25,edwardian photo frame
16244B,0.5,maxwell 2 tone blue 60 page photo a
23131,4.15,mistletoe heart wreath cream
23067,4.15,hanging engraved metal heart
47341B,1.25,blue table run flower
62097B,0.83,blue stripes shoulder bag
62043B,0.83,blue check bag w handle 34x20cm
90021,11.95,laser cut multi strand necklace
23163,2.49,regency sugar tongs
23284,6.75,doormat keep calm and come in
23283,7.95,doormat vintage leaves design
23162,3.75,regency tea strainer
84016,0.83,flag of st george car flag
DCGS0004,16.63,haynes camper shoulder bag
20838,3.29,french lattice cushion cover
72811,1.25,small zinc/glass candleholder
20816,1.95,gold flower cushion cover
23048,4.15,set of 10 lanterns fairy light star
23042,6.65,paper lantern 7 point snow star
23041,4.15,paper lantern 9 point snow star
23040,5.75,paper lantern 9 point snow star
23064,49.95,cinderella chandelier
85225,1.25,bling key ring stand
37471,6.63,multicolour polkadot plate
23130,4.15,mistletoe heart wreath green
84629,21.95,white 3 frame birds and tree
22987,0.42,wrap summer rose design
20836,0.83,french paisley cushion cover
23160,1.04,regency tea spoon
23161,1.04,regency cake fork
23164,4.15,regency cake slice
23149,2.49,antique ivory wire bowl small
84705C,1.25,pink flock photo frame
23143,10.4,zinc wire kitchen organiser
23299,3.75,food cover with beads set 2
23298,4.95,spotty bunting
23070,4.15,edwardian heart photo frame
23151,2.49,zinc sweetheart soap dish
90058A,0.38,crystal stud earrings clear display
23043,6.25,paper lantern 9 point holly star 40
23045,4.15,paper lantern 5 point star moon 30
20964,2.55,polyester filler pad 60x40cm
23200,0.0,mailout
23202,0.0,mailout
23203,0.0,mailout
84859B,1.95,blue disco handbag
23209,0.0,mailout
23072,12.5,marie antoinette trinket box silver
23046,6.65,paper lantern 9 point deluxe star
23047,5.75,paper lantern 5 point sequin star
23044,4.15,paper lantern 9 point holly star s
90036A,7.95,flower garland necklace red
90083,1.63,crystal czech cross phone charm
23282,0.83,folding butterfly mirror ivory
23280,0.83,folding butterfly mirror hot pink
23190,1.65,bundle of 3 school exercise books
23191,1.65,bundle of 3 retro note books
23192,1.65,bundle of 3 alphabet exercise books
23175,3.25,regency milk jug pink
23174,4.15,regency sugar bowl green
23173,8.15,regency teapot roses
23172,1.65,regency tea plate pink
23171,1.65,regency tea plate green
23170,1.65,regency tea plate roses
23081,8.25,green metal box army supplies
23084,2.08,rabbit night light
23281,0.83,folding butterfly mirror red
84509g,7.46,set of 4 fairy cake placemats
23118,7.5,parisienne jewellery drawer
23096,1.65,petit tray chic
23091,6.25,zinc herb garden container
23094,12.5,le grand tray chic set
23108,6.25,set of 10 led dolly lights
23080,8.25,red metal box top secret
23110,5.75,parisienne key cabinet
23059,0.0,thrown away-rusty
23100,1.25,silver bells table decoration
23102,0.83,silver hearts table decoration
23082,3.75,set 6 paper table lantern hearts
16151A,1.25,flowers handbag blue and orange
23093,2.49,small parisienne heart photo frame
23109,2.49,led tea lights
23103,1.65,bell heart decoration
23112,7.5,parisienne curio cabinet
23111,12.5,parisienne sewing box
23079,8.95,toadstool bedside light
23167,0.69,small ceramic top storage jar
23104,12.5,ivory pantry hanging lamp
23168,1.25,classic sugar dispenser
23169,4.15,classic glass sweet jar
23165,1.45,large ceramic top storage jar
23101,0.83,silver stars table decoration
23089,1.65,glass bon bon jar
23107,2.89,white wire plant pot holder
23088,2.46,zinc heart flower t-light holder
23106,2.89,zinc hearts plant pot holder
23087,1.25,zinc  heart t-light holder
90035C,10.75,"pearl & shell 42""neckl. ivory"
23083,3.75,set 6 paper table lantern stars
23301,1.65,gardeners kneeling pad keep calm
23300,1.45,gardeners kneeling pad cup of tea
23302,1.65,kneeling mat housework  design
47574B,4.25,english rose scented hanging heart
23090,0.83,vintage glass t-light holder
23092,7.9,large antique white photo frame
23085,10.4,antique silver bauble lamp
23099,6.65,french carriage lantern
23086,1.25,zinc  star t-light holder
84873A,16.95,funky flower picnic bag for 4
84661a,4.96,white square table clock
23129,4.15,heart shaped holly wreath
90081B,4.95,lily brooch white/silver colour
84804B,2.95,blue delphinium artificial flower
84984B,4.65,red peony cushion cover
84984A,4.65,green peony cushion cover
90149,7.5,silver flowr pink shell necklace
85034a,8.29,3 gardenia morris boxed candles
21310,29.95,capiz chandelier
90018C,4.15,silver black orbit drop earrings
23228,1.25,filigree heart bird white
84596l,2.46,biscuits small bowl light blue
23227,1.25,filigree heart butterfly white
23444,15.0,next day carriage
20667,2.95,cherry blossom purse
23226,1.25,filigree heart daisy white
23221,1.63,reindeer heart decoration silver
84206C,0.19,champagne tray blank card
23214,2.08,jingle bell heart antique gold
23215,2.08,jingle bell heart antique silver
23210,1.25,white rocking horse hand painted
23213,1.25,star wreath decoration with bell
23212,1.25,heart wreath decoration with bell
23219,1.25,laurel star antique silver
23224,0.83,cherub heart decoration gold
23211,1.04,red rocking horse hand painted
23216,1.04,laurel heart antique gold
23217,1.04,laurel heart antique silver
23225,0.72,cherub heart decoration silver
84660a,7.46,white stitched wall clock
84805B,0.0,wet damaged
23275,1.25,set of 3 hanging owls ollie beak
23263,1.25,set of 3 wooden heart decorations
23309,0.55,set of 60 i love london cake cases
23270,1.45,set of 2 ceramic painted hearts
23307,0.55,set of 60 pantry design cake cases
23306,1.45,set of 36 doilies pantry design
23308,0.55,set of 60 vintage leaf cake cases
23273,1.65,heart t-light holder willie winkie
23274,1.65,star t-light holder willie winkie
90025E,3.73,baroque butterfly earrings montana
21373,0.75,mirrored wall art snowflakes
16043,0.12,pop art push down rubber
90102,0.85,white frangipani hair clip
23240,4.15,set of 4 knick knack tins doiley
23238,4.15,set of 4 knick knack tins london
20901,4.13,vintage keepsake box pink flower
23243,4.15,set of tea coffee sugar tins pantry
84415A,1.25,pink flock suede cushion cover
23245,4.95,set of 3 regency cake tins
23239,4.15,set of 4 knick knack tins poppies
23236,2.89,doiley storage tin
23235,2.89,storage tin vintage leaf
23241,2.08,treasure tin gymkhana design
23242,2.08,treasure tin buffalo bill
23247,2.89,biscuit tin 50's christmas
23244,1.95,round storage tin vintage leaf
23237,4.15,set of 4 knick knack tins leaves
22950,1.45,36 doilies vintage christmas
82613a,2.46,"metal sign,cupcake single hook"
35966,0.38,folkart christmas tree t-light hold
23310,0.42,bubblegum ring assorted
23321,1.69,small white heart of wicker
23220,0.83,reindeer heart decoration gold
23264,2.5,set of 3 wooden sleigh decorations
23265,2.5,set of 3 wooden tree decorations
23266,2.5,set of 3 wooden stocking decoration
84824,15.95,danish rose umbrella stand
23269,1.45,set of 2 ceramic christmas trees
23268,1.45,set of 2 ceramic christmas reindeer
23252,3.75,vintage red enamel trim jug
23322,2.95,large white heart of wicker
77079,2.12,dolphin windmill
23286,0.85,blue vintage spot beaker
23338,2.08,egg frying pan red
23285,0.85,pink vintage spot beaker
23288,0.85,green vintage spot beaker
23343,2.08,jumbo bag vintage christmas
90026A,8.5,glass bead hoop necklace black
90036B,7.95,"flower glass garland neckl.36""green"
90001B,4.25,antique mid blue flower earrings
23271,0.83,christmas table candle silver spike
23335,2.08,egg frying pan ivory
23339,2.08,egg frying pan blue
23336,2.08,egg frying pan pink
23337,2.08,egg frying pan mint
23292,1.25,space boy childrens cup
23291,1.25,dolly girl childrens cup
23289,1.25,dolly girl childrens bowl
23290,1.25,spaceboy childrens bowl
23287,0.85,red vintage spot beaker
23188,1.65,vintage  2 meter folding ruler
23251,1.25,vintage red enamel trim mug
23249,1.65,vintage red enamel trim plate
23250,1.25,vintage red trim enamel bowl
23229,3.39,vintage donkey tail game
23234,2.89,biscuit tin vintage christmas
23012,3.95,glass apothecary bottle perfume
23014,3.95,glass apothecary bottle elixir
23035,1.45,drawer knob ceramic ivory
84551,1.65,crochet dog keyring
23020,12.5,glass  songbird storage jar
23032,1.65,drawer knob crackle glaze ivory
23028,1.65,drawer knob crackle glaze blue
23031,1.65,drawer knob crackle glaze pink
23029,1.65,drawer knob crackle glaze green
23033,1.45,drawer knob ceramic red
23034,1.45,drawer knob ceramic black
23013,3.95,glass apothecary bottle tonic
16254,0.85,transparent acrylic tape dispenser
23344,2.08,jumbo bag 50's christmas
23022,1.79,small bonne jam jar  t-light holder
23113,0.0,damaged
23016,6.65,glass twist bon bon jar
23026,1.79,drawer knob vintage glass star
23119,0.62,pack of 6 large fruit straws
23015,8.25,cordial glass jug
23123,0.83,cocktail swords 50 pieces
23122,0.83,party charms 50 pieces
23120,0.42,pack of 6 small fruit straws
23121,0.42,pack of 6 cocktail parasol straws
23124,1.25,18pc wooden cutlery set disposable
23125,1.25,6pc wood plate set disposable
23039,1.95,t-light holder silver heart handle
23021,8.29,glass bonne jam jar
23023,1.65,ridged bonne jam jar t-light holder
23114,0.0,damaged
23115,0.0,damaged
23116,0.0,damaged
23117,0.0,damaged
84679,19.95,classical rose table lamp
23019,8.25,small apothecary measuring jar
23272,1.65,tree t-light holder willie winkie
23036,1.25,t-light holder silver petit four
23198,1.45,pantry magnetic  shopping list
23027,2.08,drawer knob vintage glass hexagon
23024,2.89,large bonne jam jar  t-light holder
23223,0.83,christmas tree hanging silver
23222,0.83,christmas tree hanging gold
23197,1.45,sketchbook magnetic shopping list
23196,1.45,retro leaves magnetic notepad
23267,1.25,set of 4 santa place settings
23323,2.1,white wicker star
23315,9.95,ivory refectory clock
23316,9.95,red refectory clock
23342,8.5,mint diner wall clock
23341,8.5,pink diner wall clock
23037,1.65,candle holder silver madeline
90176D,7.5,diamante necklace purple
23317,9.95,blue refectory clock
23017,12.5,apothecary measuring jar
23018,12.5,large apothecary measuring jar
23025,2.08,drawer knob vintage glass ball
84746,2.46,pink easter hens+flower
23318,4.96,box of 6 mini vintage crackers
90025F,3.73,baroque butterfly earrings crystal
72802a,8.29,rose scent candle in jewelled box
81952B,0.19,round blue clock with sucker
81952V,0.19,round purple clock with sucker
81950B,0.29,flower blue clock with sucker
23320,2.89,giant 50's christmas cracker
23574,7.5,packing charge
90011C,2.9,green crystal drop earrings
23001,0.0,travel card wallet dotcomgiftshop
23319,2.49,box of 6 mini 50's crackers
90043,4.95,copper and brass bag charm
90049,4.95,ivory gold metal bag charm
90046,4.95,white with metal bag charm
90048,4.95,green with metal bag charm
72807c,8.29,set/3 vanilla scented candle in box
84706F,2.95,red peony table clock
44242A,0.79,lilac feathers curtain
35645,4.25,vintage bead pink jewel box
23038,0.83,t-light holder silver saucer
85036a,8.29,gardenia 1 wick morris boxed candle
23313,4.95,vintage christmas bunting
23296,1.04,set of 6 tea time baking cases
23294,0.72,set of 6 snack loaf baking cases
23293,0.72,set of 12 fairy cake baking cases
23295,0.72,set of 12 mini loaf baking cases
23297,1.45,set 40 heart shape petit four cases
90067B,2.9,brown vintage victorian earrings
84924F,0.79,psychedelic metal sign calendar
81953B,0.19,round blue clock with sucker
81953P,0.19,round articulated pink clock w/suck
35638B,19.13,pink/blue string curtain
23311,2.55,vintage christmas stocking
23314,12.5,vintage christmas tablecloth
16162M,0.0,alan hodge cant mamage this section
90126C,3.29,amber bertie mobile phone charm
90127A,2.46,pink beads+hand phone charm
23312,4.15,vintage christmas gift sack
90030A,1.0,spotted white natural seed necklace
90141E,4.95,orange pendant triple shell necklac
23550,0.42,wrap alphabet poster
23218,1.25,laurel star antique gold
37491B,1.65,blue/yellow ceramic candle holder
37491C,1.65,green/blue ceramic candle holder
90182A,2.9,amber 3 bead drop earrings
84402B,0.79,purple dress jewellery stand
23549,0.42,wrap bird garden
23546,0.42,wrap paisley park
84857B,1.95,blue monte carlo handbag
84732D,0.39,cute rabbit ceature screen
84732B,0.39,cute bird ceature screen
23545,0.42,wrap red doiley
23547,0.42,wrap flower shop
23548,0.42,wrap magic forest
90130A,2.9,white stone/crystal earrings
84387A,1.95,bird on branch canvas screen
16169E,0.42,wrap 50's  christmas
23346,1.25,spaceboy beaker
23345,1.25,dolly girl beaker
23347,1.25,i love london beaker
DCGS0073,0.0,ebay
DCGS0068,0.0,ebay
DCGS0067,0.0,ebay
84984D,4.65,oriental red cushion cover
79336,0.38,light pink flock glass candleholder
23340,1.65,vintage christmas cake frill
35650,4.95,vintage bead pink jewel stand
23360,1.95,set 8 candles vintage doiley
23359,1.95,set of 12 t-lights vintage doiley
23373,0.82,vintage christmas paper gift bag
23436,1.25,gift bag large vintage christmas
23353,0.83,6 gift tags vintage christmas
23354,0.83,6 gift tags 50's christmas
23374,0.82,red spot paper gift bag
22016,83.33,dotcomgiftshop gift voucher £100.00
23438,1.25,red spot gift bag large
23189,2.49,set of 12 fork candles
84963B,49.95,blue painted kashmiri chair
23349,1.25,roll wrap vintage christmas
23350,1.25,roll wrap vintage spot
23352,1.25,roll wrap 50's red christmas
23351,1.25,roll wrap 50's christmas
23324,2.08,rustic strawberry jampot large
90209A,2.1,purple enamel+glass hair comb
23332,1.65,ivory wicker heart large
23329,1.65,decorative wicker heart large
23330,1.25,decorative wicker heart medium
23334,0.55,ivory wicker heart small
23333,1.04,ivory wicker heart medium
23328,7.46,set 6 school milk bottles in crate
23331,0.63,decorative wicker heart small
23327,0.63,hanging clear mini bottle
23326,0.63,hanging mini coloured bottles
23325,1.65,rustic strawberry jampot small
35816P,0.38,"acrylic jewel angel,pink"
B,11062.06,adjust bad debt
90052,7.07,cracked glaze necklace brown
35597D,0.38,pink/white christmas tree 30cm
35818B,0.38,"acrylic jewel icicle, blue"
23357,4.95,hot water bottle sex bomb
23358,3.75,hot stuff hot water bottle
23375,0.82,50's christmas paper gift bag
23356,5.95,love hot water bottle
84206A,0.19,3 black cats w hearts blank card
84201B,0.19,happy birthday card stripey teddy
23355,4.95,hot water bottle keep calm
90176E,7.5,diamante necklace green
23437,1.25,50's christmas gift bag large
85184c,5.79,set 4 valentine decoupage heart box
23445,0.83,ice cream bubbles
23439,2.1,hand warmer red love heart
23431,0.72,natural hanging quilted hearts
23433,0.83,hanging quilted patchwork apples
84201C,0.19,happy birthday card teddy/cake
90020,12.48,filigree diamante chain
CRUK,1.6,cruk commission
23432,0.83,pretty hanging quilted hearts
23376,0.39,pack of 12 vintage christmas tissue
23378,0.39,pack of 12 50's christmas tissues
23551,0.39,pack of 12 paisley park tissues
23620,2.49,set 10 cards perfect post 17090
23623,2.91,set 10 card christmas welcome 17112
23634,2.91,set 10 cards xmas choir 17068
23396,3.75,butterfly cushion cover
23395,3.75,belle jardiniere cushion cover
23394,3.75,poste france cushion cover
23407,9.95,set of 2 trays home sweet home
23393,3.75,home sweet home cushion cover
23427,12.5,stool home sweet home
23397,9.95,foot stool home sweet home
23377,0.39,pack of 12 dolly girl tissues
23399,0.85,home sweet home hanging heart
23411,4.95,trellis coat rack
23398,0.85,hanging heart bonheur
23425,2.49,storage tin home sweet home
23414,9.95,zinc box sign home
23424,4.95,gingham recipe book box
23404,4.95,home sweet home blackboard
23406,6.25,home sweet home key holder
23405,4.95,home sweet home 2 drawer cabinet
23379,0.39,pack of 12 red apple tissues
23381,0.39,pack of 12 vintage leaf tissues
23380,0.39,pack of 12 vintage doily tissues
23402,3.75,home sweeet home 3 peg hanger
23403,3.75,letter holder home sweet home
23426,2.89,metal sign drop your pants
23412,7.5,heart mirror antique white
23392,2.08,spaceboy rocket lolly makers
23400,6.25,shelf with 4 hooks home sweet home
23614,3.33,set 10 cards 12 days wrap  17058
23637,2.49,set 10 cards out of order 17216
23415,1.65,home sweet home hook
23417,1.65,bathroom hook
23413,4.95,vintage coffee grinder box
23409,3.75,photo frame linen and lace large
23640,2.49,set 10 cards scottie dog 17211
23408,2.08,photo frame linen and lace small
23401,6.25,rustic mirror with lace heart
23422,4.13,pantry hook balloon whisk
23613,2.49,set 10 xmas cards & badges 17070
23646,2.49,set 10 cards jingle bells 16957
23410,8.15,curio cabinet linen and lace
23559,2.08,woodland bunnies lolly makers
23423,3.75,pantry 3 hook rolling pin hanger
23421,2.08,pantry hook spatula
23435,4.13,3 raffia ribbons vintage christmas
23418,2.08,lavender toilette bottle
23419,2.08,home sweet home bottle
23434,2.08,3 raffia ribbons 50's christmas
23391,4.15,i love london mini backpack
23390,4.15,dolly girl mini backpack
23389,4.15,spaceboy mini backpack
23074,2.08,embossed heart trinket box
23388,4.15,woodland mini backpack
23416,1.65,chambre hook
23611,2.49,set 10 cards red riding hood 17214
23607,1.66,set 10 cards hats & stockings 17081
23058,2.49,christmas hanging snowflake
23420,2.08,pantry hook tea strainer
23625,4.99,set 6 cards sparkly reindeer 17262
23639,3.33,set 10 cards magical tree 17086
35819P,1.25,"acrylic hanging jewel,pink"
35598C,0.0,found
15060b,8.29,fairy cake design umbrella
23629,2.49,set 10 cards dressing up 17077
23630,2.99,set 10 cards hanging baubles 17080
23503,1.25,playing cards keep calm & carry on
23366,0.65,set 12 colouring pencils doily
23367,0.65,set 12 colour pencils spaceboy
23504,1.25,playing cards jubilee union jack
23371,1.25,set 36 colour pencils spaceboy
23506,0.42,mini playing cards spaceboy
23502,1.25,playing cards vintage doiley
23370,1.25,set 36 colour pencils doiley
23493,1.95,vintage doily travel sewing kit
23365,0.65,set 12 colour pencils love london
23369,1.25,set 36 colour pencils love london
23520,3.75,embroidered ribbon reel ruby
23511,2.08,embroidered ribbon reel emily
23517,2.89,embroidered ribbon reel rebecca
23368,0.65,set 12 colour pencils dolly girl
23505,1.25,playing cards i love london
23372,1.25,set 36 colour pencils dolly girl
23512,2.08,embroidered ribbon reel rosie
23515,2.08,embroidered ribbon reel daisy
23514,2.08,embroidered ribbon reel sally
23518,2.89,embroidered ribbon reel rachel
23510,0.42,mini playing cards gymkhana
23508,0.42,mini playing cards dolly girl
23509,0.42,mini playing cards fun fair
23507,0.42,mini playing cards buffalo bill
23513,2.08,embroidered ribbon reel susie
23624,2.49,set 10 card perfect nativity 17089
20935,2.95,round cactus candle
20678,1.65,large black diamante hairslide
23610,2.08,set 10 cards christmas robin 17095
23601,2.49,set 10 cards snowy snowdrops  17100
23632,2.08,set 10 cards cheerful robin 17065
23516,3.75,embroidered ribbon reel sophie
23519,3.75,embroidered ribbon reel claire
23494,5.95,vintage doily deluxe sewing kit
23638,2.91,set 10 cards robin waterpump  17096
23650,2.49,set 10 cards filigree bauble 16961
23461,4.15,sweetheart bird house
23466,8.25,tuscan villa dovecote
23469,4.15,card holder love bird small
23484,2.89,heart trellistriple t-light holder
23471,9.95,six drawer office tidy
23644,3.33,set 10 cards christmas tree 16955
23472,14.95,nine drawer office tidy
23470,6.25,card holder love bird large
23524,3.75,horse & pony wall art
23535,5.95,bicycle saftey wall art
23534,5.95,stop for tea wall art
23541,8.25,wall art classic puddings
23525,3.75,buffalo bill wall art
23532,4.95,wall art work rest and play
23539,5.95,wall art loves' secret
23522,1.63,dog and ball wall art
23526,3.88,dog licence wall art
23533,3.88,wall art garden haven
23542,6.67,70's alphabet wall art
23528,2.66,spaceboy wall art
23543,7.45,keep calm wall art
23530,3.58,wall art only one person
23538,3.58,wall art vintage heart
23521,1.12,cat and bird wall art
23523,2.66,treasure ahoy wall art
23531,4.77,wall art big love
23527,3.75,animals and nature wall art
23483,1.25,hanging  butterfly t-light holder
23529,3.75,dolly girl wall art
23536,5.95,village show wall art
23544,8.25,wall art mid century modern
23540,6.25,wall art the magic forest
23537,4.95,i love london wall art
23604,1.66,set 10 mini santa & snowman  17087
23626,2.49,set 10 cards dinky tree 17076
23500,1.04,key ring baseball boot assorted
23465,8.25,tuscan villa feeding station
23501,1.04,key ring baseball boot union jack
23605,2.91,set 10 cards 12 days of xmas 17059
23619,2.49,set 10 cards poinsettia 17093
23635,4.16,set 10 cards christmas holly  17259
23612,1.66,set 10 minicards cute snowman 17071
23468,8.25,tuscan villa bird table
79157V,0.85,ubo-light triobase purple
90189A,7.5,silver 2 strand necklace-leaf charm
23448,1.65,cream bunny easter egg basket
23447,1.65,pink bunny easter egg basket
23446,1.65,blue bunny easter egg basket
85115B,8.29,s/4 black disco partition panel
90065B,6.75,black vint art dec crystal bracelet
23382,3.75,box of 6 christmas cake decorations
23660,1.65,henrietta hen mug
23661,1.65,milk maids mug
23564,1.25,egg cup milkmaid ingrid
23567,1.25,egg cup henrietta hen pink
23487,9.95,sweet heart cake carrier
23490,3.75,t-light holder hanging love bird
23453,1.95,oval  mini portrait frame
23452,1.95,heart mini portrait frame
23451,1.95,square mini portrait frame
23482,1.65,pearlised ivory heart large
23603,2.49,set 10 card kraft reindeer 17084
23459,12.5,dolly cabinet 2 drawers
23565,1.25,egg cup milkmaid helga
23456,4.15,medium parlour picture frame
23463,9.95,vintage zinc watering can
23464,4.95,vintage zinc watering can small
23457,4.95,large parlour picture frame
23455,2.89,small parlour picture frame
23568,1.25,egg cup henrietta hen cream
84661b,4.96,black square table clock
23566,1.25,egg cup milkmaid heidi
23467,3.29,vintage zinc planter
23479,7.85,wire egg basket
23481,1.25,pearlised ivory heart small
23458,14.95,dolly cabinet 3 drawers
23579,1.95,snack tray i love london
23702,3.0,high resolution image
23558,10.95,landmark frame london bridge
23556,10.95,landmark frame covent garden
23554,10.95,landmark frame oxford street
23557,12.5,landmark frame baker street
23555,12.5,landmark frame notting hill
23480,3.75,mini lights woodland mushrooms
23553,12.5,landmark frame camden town
23489,2.89,"garland, vintage bells"
23491,8.25,vintage jingle bells heart
23492,8.25,vintage jingle bells wreath
23477,1.25,woodland large blue felt heart
23478,1.25,woodland large pink felt heart
23476,1.25,woodland large red felt heart
23486,16.65,antique heart shelf unit
23473,0.72,woodland small red felt heart
23460,9.95,sweetheart wall tidy
23462,19.95,rococo wall mirror white
23499,0.42,set 12 vintage doily chalk
23485,25.0,botanical gardens wall clock
23570,1.25,traditional pick up sticks game
23454,4.15,set of 3 mini hanging portraits
23571,1.65,traditional naughts & crosses
23569,4.95,tradtional alphabet stamp set
23305,1.95,set 4 picnic cutlery blueberry
23474,0.83,woodland small blue felt heart
23636,2.91,set 10 cards wishing tree 17116
23582,2.08,vintage doily jumbo bag red
23583,1.65,lunch bag paisley park
23581,1.79,jumbo bag paisley park
79157B,0.85,ubo-light triobase blue
23595,0.0,adjustment
23303,1.95,set 4 picnic cutlery fondant
23475,0.83,woodland small pink felt heart
23615,2.49,set 10 cards printed graphic 17219
23645,2.49,set 10 christmas cards hohoho 16956
23654,2.49,set 10 card snowman 16965
35600A,0.0,found by jackie
23497,1.45,classic chrome bicycle bell
23304,1.95,set 4 picnic cutlery cherry
23495,1.25,set of 3 pantry wooden spoons
23496,1.25,pantry kitchen thermometer
23628,2.91,set 10 cards triangle icons  17220
23633,2.49,set 10 cards world children 17067
23643,3.33,set 10 cards christmas bauble 16954
46776a,4.13,woven bubble gum cushion cover
46776b,4.13,woven berries cushion cover
46776e,4.13,woven candy cushion cover
46776f,4.13,woven rose garden cushion cover
47593b,0.83,scottie dogs baby bib
51014c,0.83,"feather pen,coal black"
84031a,16.63,charlie+lola red hot water bottle
84031b,16.63,charlie lola blue hot water bottle
90183c,2.9,black drop earrings w long beads
90184c,9.15,black chunky bead bracelet w strap
79323G,0.0,"unsaleable, destroyed."
79323GR,0.0,"unsaleable, destroyed."
79323LP,0.0,"unsaleable, destroyed."
79323S,0.0,"unsaleable, destroyed."
79341,0.0,"unsaleable, destroyed."
79342B,0.0,"unsaleable, destroyed."
47016,2.1,light decoration battery operated
23691,0.42,keep calm birthday wrap
90069,7.5,ruby glass cluster necklace
23608,2.91,set 10 cards rudolphs nose 17097
23681,1.65,lunch bag red vintage doily
72783,2.1,black sil't squ candle plate
90162A,2.95,ant silver turquoise boudicca ring
79161A,2.95,st george set of 10 party lights
23692,0.42,wrap a pretty thank you
23695,0.42,doily thank you card
23697,0.42,a pretty thank you card
23616,2.49,set 10 cards jingle bells 17217
23598,2.95,paper bunting vintage party
23597,2.95,paper bunting paisley park
23621,2.49,set 10 cards david's madonna 17074
23627,2.49,set 10 cards xmas graphic  17218
23602,2.91,set 10 cards 3 wise men 17107
23664,1.65,flower shop design mug
17191A,3.75,rose flower candle+incense 16x16cm
23694,0.42,paisley park card
23649,2.49,set 10 cards deck the halls 16960
23442,2.08,12 hanging eggs hand painted
23449,1.25,set of 6 easter rainbow chicks
35598A,2.95,dusty pink christmas tree 60cm
23428,8.15,ivory retro kitchen wall clock
23652,2.91,set 10 card christmas stamps 16963
84206B,0.19,cat with sunglasses blank card
23430,8.15,blue retro kitchen wall clock
23429,8.15,red retro kitchen wall clock
90179B,5.82,purple fine bead necklace w tassel
23441,0.42,hand painted hanging easter egg
72802c,8.29,vanilla scent candle jewelled box
85049c,2.46,romantic pinks ribbons
23440,2.08,paint your own eggs in crate
23552,2.08,bicycle puncture repair kit
23498,1.45,classic bicycle clips
84550,1.65,crochet lilac/red bear keyring
84971l,2.46,large heart flowers hook
85034b,8.29,3 white choc morris boxed candles
23578,1.95,snack tray red gingham
23580,1.95,snack tray happy forest
23575,1.95,snack tray paisley park
23560,2.89,set of 6 ribbons country style
23576,1.95,snack tray red vintage doily
23562,2.89,set of 6 ribbons perfectly pretty
23561,2.89,set of 6 ribbons party
23609,2.91,set 10 cards snowy robin 17099
85179a,2.46,green bitty light chain
23617,2.91,set 10 cards swirly xmas tree 17104
90214U,0.29,"letter ""u"" bling key ring"
47591b,4.13,scotties childrens apron
23843,2.08,"paper craft , little birdie"
